source,aggregated_label,"Pew Research Center, known_by_40%","Pew Research Center, total","Pew Research Center, consistently_liberal","Pew Research Center, mostly_liberal","Pew Research Center, mixed","Pew Research Center, mostly conservative","Pew Research Center, consistently conservative","Wikipedia, is_fake","Open Sources, reliable","Open Sources, fake","Open Sources, unreliable","Open Sources, bias","Open Sources, conspiracy","Open Sources, hate","Open Sources, junksci","Open Sources, rumor","Open Sources, blog","Open Sources, clickbait","Open Sources, political","Open Sources, satire","Open Sources, state","Media Bias / Fact Check, label","Media Bias / Fact Check, factual_reporting","Media Bias / Fact Check, extreme_left","Media Bias / Fact Check, right","Media Bias / Fact Check, extreme_right","Media Bias / Fact Check, propaganda","Media Bias / Fact Check, fake_news","Media Bias / Fact Check, some_fake_news","Media Bias / Fact Check, failed_fact_checks","Media Bias / Fact Check, conspiracy","Media Bias / Fact Check, pseudoscience","Media Bias / Fact Check, hate_group","Media Bias / Fact Check, anti_islam","Media Bias / Fact Check, nationalism","Allsides, bias_rating","Allsides, community_agree","Allsides, community_disagree","Allsides, community_label","BuzzFeed, leaning","PolitiFact, Pants on Fire!","PolitiFact, False","PolitiFact, Mostly False","PolitiFact, Half-True","PolitiFact, Mostly True","PolitiFact, True"
21stcenturywire,2,,,,,,,,,,,,,1,,,,,,,,,conspiracy_pseudoscience,3,0,0,0,0,0,0,0,0,0,0,0,0,,,,,left,,,,,,
abcnews,0,1,1,1,1,1,1,-1,,,,,,,,,,,,,,,left_center_bias,4,0,0,0,0,0,0,0,0,0,0,0,0,Lean Left,8964,6949,somewhat agree,,,,,,,
activistpost,2,,,,,,,,,,,,,1,,,,,,,,,conspiracy_pseudoscience,2,0,0,0,0,0,0,0,0,0,0,0,0,,,,,left,,,,,,
addictinginfo,1,,,,,,,,,,,2,,,,,,,1,,,,left_bias,3,0,0,0,0,0,0,0,0,0,0,0,0,,,,,left,,,,,,
adobochronicles,,,,,,,,,,,,,,,,,,,,,,,satire,,0,0,0,0,0,0,0,0,0,0,0,0,,,,,,,,,,,
ageofautism,2,,,,,,,,,,,,,,,,,,,,,,conspiracy_pseudoscience,2,0,0,0,0,0,0,0,1,1,0,0,0,,,,,,,,,,,
airwars,0,,,,,,,,,,,,,,,,,,,,,,least_biased,4,0,0,0,0,0,0,0,0,0,0,0,0,,,,,,,,,,,
aljazeera,0,1,-1,1,0,-1,-1,-1,,,,,,,,,,,,,,,left_center_bias,4,0,0,0,0,0,0,0,0,0,0,0,0,Center,2204,3249,somewhat disagree,,0,1,0,0,0,0
americablognews,0,,,,,,,,,,,,1,,,,,,2,,,,left_bias,4,0,0,0,0,0,0,0,0,0,0,0,0,,,,,left,,,,,,
anonnews,,,,,,,,,,,,,,,,,,,,,,,,,,,,,,,,,,,,,,,,,,,,,,,
anonymousconservative,,,,,,,,,,,,,,,,,,,,,,,,,,,,,,,,,,,,,,,,,,,,,,,
antiimpreialist,,,,,,,,,,,,,,,,,,,,,,,,,,,,,,,,,,,,,,,,,,,,,,,
baltimoregazette,,,,,,,,,,,,,,,,,,,,,,,,,,,,,,,,,,,,,,,,,,,,,,,
bbc,0,1,1,1,1,1,1,0,,,,,,,,,,,,,,,left_center_bias,4,0,0,0,0,0,0,0,0,0,0,0,0,Center,7527,7177,somewhat agree,,,,,,,
bbcuk,0,,,,,,,,,,,,,,,,,,,,,,left_center_bias,4,0,0,0,0,0,0,0,0,0,0,0,0,,,,,,,,,,,
bearingarms,1,,,,,,,,,,,,,,,,,,,,,,right_bias,3,0,0,0,0,0,0,0,0,0,0,0,0,,,,,right,,,,,,
bigleaguepolitics,2,,,,,,,,,,,,,,,,,,,,,,questionable_source,2,0,0,1,1,1,0,1,1,0,0,0,0,,,,,,0,1,0,0,0,0
bipartisanreport,2,,,,,,,,,,,,2,,,,,,1,,,,questionable_source,,1,0,0,1,0,0,0,0,0,0,0,0,,,,,left,0,1,0,0,0,0
birminghammail,1,,,,,,,,,,,,,,,,,,,,,,left_center_bias,3,0,0,0,0,0,0,0,0,0,0,0,0,,,,,,,,,,,
bizstandardnews,,,,,,,,,,,,,,,,,,,,,,,satire,,0,0,0,0,0,0,0,0,0,0,0,0,,,,,,,,,,,
bonginoreport,2,,,,,,,,,,,,,,,,,,,,,,questionable_source,3,0,1,0,1,0,0,1,1,1,0,0,0,,,,,,1,0,1,0,0,0
breaking911,2,,,,,,,,,,,,,,,,,,,,,,questionable_source,1,0,0,0,0,0,1,1,0,0,0,0,0,,,,,,0,1,0,0,0,0
breitbart,2,0,0,-1,-1,0,1,1,,,,2,3,,,,,,,1,,,questionable_source,,0,0,1,1,0,0,1,1,0,0,0,0,Right,11911,6546,agree,right,2,2,0,0,1,0
businessinsider,0,,,,,,,,,,,,,,,,,,,,,,left_center_bias,4,0,0,0,0,0,0,0,0,0,0,0,0,Center,1561,1665,somewhat disagree,,,,,,,
buzzfeed,1,0,-1,-1,-1,-1,-1,-1,,,,,,,,,,,,,,,left_center_bias,3,0,0,0,0,0,0,0,0,0,0,0,0,Lean Left,3062,4197,somewhat disagree,,1,0,0,0,0,0
camelotdaily,,,,,,,,,,,,,,,,,,,,,,,,,,,,,,,,,,,,,,,,,,,,,,,
cbsnews,0,1,1,1,1,1,0,-1,,,,,,,,,,,,,,,left_center_bias,4,0,0,0,0,0,0,0,0,0,0,0,0,Lean Left,4320,3857,somewhat agree,,,,,,,
channel4uk,,,,,,,,,,,,,,,,,,,,,,,,,,,,,,,,,,,,,,,,,,,,,,,
charlotteobserver,0,,,,,,,,,,,,,,,,,,,,,,left_center_bias,4,0,0,0,0,0,0,0,0,0,0,0,0,,,,,,,,,,,
chicagosuntimes,0,,,,,,,,,,,,,,,,,,,,,,left_center_bias,4,0,0,0,0,0,0,0,0,0,0,0,0,Lean Left,567,567,,,,,,,,
chicagotribune,0,,,,,,,,,,,,,,,,,,,,,,right_center_bias,4,0,0,0,0,0,0,0,0,0,0,0,0,Center,1863,3327,disagree,,,,,,,
citizenfreepress,1,,,,,,,,,,,,,,,,,,,,,,right_bias,3,0,1,0,0,0,0,0,0,0,0,0,0,,,,,,,,,,,
civictribune,,,,,,,,,,,,,,,,,,,,,,,satire,,0,0,0,0,0,0,0,0,0,0,0,0,,,,,,,,,,,
clashdaily,2,,,,,,,,,,,,,,,,,,,,,,questionable_source,2,0,0,1,1,0,0,1,0,0,1,0,0,,,,,,,,,,,
cnbc,0,,,,,,,,,,,,,,,,,,,,,,left_center_bias,4,0,0,0,0,0,0,0,0,0,0,0,0,Center,1320,3388,strongly disagree,,,,,,,
cnn,1,1,1,1,1,1,0,-1,,,,,,,,,,,,,,,left_bias,3,0,0,0,0,0,0,0,0,0,0,0,0,Lean Left,23421,24137,somewhat disagree,,0,0,1,0,0,0
cnsnews,2,,,,,,,,,,,1,2,,,,,,,,,,questionable_source,,0,0,1,1,0,0,0,0,0,0,0,0,Right,712,588,somewhat agree,right,,,,,,
collectiveevolution,2,,,,,,,,,,,,,,,,,,,,,,conspiracy_pseudoscience,2,0,0,0,0,1,0,0,1,1,0,0,0,,,,,,,,,,,
coloradopeakpolitics,,,,,,,,,,,,,,,,,,,,,,,,,,,,,,,,,,,,,,,,,,,,,,,
conservativehome,,,,,,,,,,,,,,,,,,,,,,,,,,,,,,,,,,,,,,,,,,,,,,,
conservativetribune,,,,,,,,,,,,,,,,,,,,,,,,,,,,,,,,,,,,,,,,,,,,,,,
crikey,,,,,,,,,,,,,,,,,,,,,,,,,,,,,,,,,,,,,,,,,,,,,,,
crooksandliars,1,,,,,,,,,,,,,,,,,,,,,,left_bias,3,0,0,0,0,0,0,0,0,0,0,0,0,,,,,left,,,,,,
csmonitor,0,,,,,,,,,,,,,,,,,,,,,,least_biased,4,0,0,0,0,0,0,0,0,0,0,0,0,Center,10199,13198,somewhat disagree,,,,,,,
dailybeast,0,,,,,,,,,,,,,,,,,,,1,,,left_bias,4,0,0,0,0,0,0,0,0,0,0,0,0,Left,4427,3503,somewhat agree,,,,,,,
dailybuzzlive,2,,,,,,,,,,,,,,,,,,,,,,questionable_source,1,0,0,0,0,1,0,0,0,0,0,0,0,,,,,,,,,,,
dailyheraldchicago,0,,,,,,,,,,,,,,,,,,,,,,right_center_bias,4,0,0,0,0,0,0,0,0,0,0,0,0,,,,,,,,,,,
dailykos,1,0,-1,1,0,-1,-1,-1,,,,,,,,,,,2,1,,,left_bias,3,0,0,0,0,0,0,0,0,0,0,0,0,Left,3796,1525,strongly agree,left,,,,,,
dailymail,2,,,,,,,,,,,,,,,,,,,,,,questionable_source,,0,1,0,1,0,1,0,1,0,0,0,0,Right,990,885,somewhat agree,,0,0,1,0,0,0
dailysignal,1,,,,,,,,,,,,1,,,,,,,,,,right_bias,3,0,0,0,0,0,0,0,0,0,0,0,0,Right,137,34,absolutely agree,right,,,,,,
dailystormer,2,,,,,,,,,,,,3,2,1,,,,,,,,questionable_source,,0,0,1,0,0,0,0,0,0,1,0,0,,,,,,,,,,,
dcgazette,2,,,,,,,,1,,1,,,,,,,,,,,,questionable_source,,0,0,1,1,0,0,0,1,0,0,0,0,,,,,right,,,,,,
delawareliberal,,,,,,,,,,,,,,,,,,,,,,,,,,,,,,,,,,,,,,,,,,,,,,,
democracy21,0,,,,,,,,,,,,,,,,,,,,,,left_center_bias,4,0,0,0,0,0,0,0,0,0,0,0,0,,,,,,,,,,,
democracynow,0,,,,,,,,,,,,,,,,,,,,,,left_bias,4,0,0,0,0,0,0,0,0,0,0,0,0,Left,6701,2075,absolutely agree,,,,,,,
deneenborelli,,,,,,,,,,,,,,,,,,,,,,,,,,,,,,,,,,,,,,,,,,,,,,,
dickmorrisblog,,,,,,,,,,,,,,,,,,,,,,,,,,,,,,,,,,,,,,,,,,,,,,,
disrn,,,,,,,,,,,,,,,,,,,,,,,,,,,,,,,,,,,,,,,,,,,,,,,
drudgereport,1,0,0,-1,-1,0,1,1,,,,,2,,,,,,,1,,,right_bias,3,0,0,0,0,0,0,0,0,0,0,0,0,Lean Right,1631,994,agree,right,2,0,0,0,0,0
environmentdepth,,,,,,,,,,,,,,,,,,,,,,,,,,,,,,,,,,,,,,,,,,,,,,,
eveningstandard,0,,,,,,,,,,,,,,,,,,,,,,right_center_bias,4,0,0,0,0,0,0,0,0,0,0,0,0,,,,,,,,,,,
feministingblog,1,,,,,,,,,,,,,,,,,,,,,,left_bias,3,0,0,0,0,0,0,0,0,0,0,0,0,,,,,left,,,,,,
fivethirtyeight,0,,,,,,,,,,,,,,,,,,,,,,left_center_bias,4,0,0,0,0,0,0,0,0,0,0,0,0,Center,2561,1470,agree,,,,,,,
foreignpolicy,0,,,,,,,,,,,,,,,,,,,,,,least_biased,4,0,0,0,0,0,0,0,0,0,0,0,0,,,,,,,,,,,
fortruss,,,,,,,,,,,,,,,,,,,,,,,,,,,,,,,,,,,,,,,,,,,,,,,
fortune,0,,,,,,,,,,,,,,,,,,,,,,right_center_bias,4,0,0,0,0,0,0,0,0,0,0,0,0,,,,,,,,,,,
foxnews,1,1,1,-1,-1,1,1,1,,,,,,,,,,,,,,,right_bias,3,0,0,0,0,0,0,0,0,0,0,0,0,Lean Right,18007,27420,disagree,right,0,0,1,1,0,0
france24,0,,,,,,,,,,,,,,,,,,,,,,left_center_bias,4,0,0,0,0,0,0,0,0,0,0,0,0,,,,,,,,,,,
freebeacon,1,,,,,,,,,,,,,,,,,,,,,,right_bias,3,0,1,0,0,0,0,1,0,0,0,0,0,Right,500,496,somewhat agree,,,,,,,
freedombunker,,,,,,,,,,,,,,,,,,,,,,,,,,,,,,,,,,,,,,,,,,,,,,,
freedomoutpost,,,,,,,,,,,,,2,1,,,,,,,,,,,,,,,,,,,,,,,,,,,right,,,,,,
frontpagemagazine,2,,,,,,,,,,,,1,,2,,,,,,,,questionable_source,,0,0,1,0,0,0,0,0,0,1,0,0,Right,391,296,somewhat agree,right,,,,,,
ftwestminsterblog,,,,,,,,,1,,,,,,,,,,,,,,,,,,,,,,,,,,,,,,,,,,,,,,
fusion,1,,,,,,,,,2,,,,,,,,,,1,,,left_center_bias,3,0,0,0,0,0,0,0,0,0,0,0,0,,,,,,,,,,,
globalresearch,2,,,,,,,,1,,,,,1,,,,,,,,,conspiracy_pseudoscience,3,0,0,0,0,0,0,0,0,0,0,0,0,,,,,,,,,,,
glossynews,,,,,,,,,,,,,,,,,,,,,1,,,,,,,,,,,,,,,,,,,,,,,,,,
greenwichtime,,,,,,,,,,,,,,,,,,,,,,,,,,,,,,,,,,,,,,,,,,,,,,,
hangthebankers,2,,,,,,,,,,,,,,,,,,,,,,questionable_source,3,0,0,1,1,0,0,0,1,0,0,0,0,,,,,,,,,,,
hitandrun,,,,,,,,,,,,,,,,,,,,,,,,,,,,,,,,,,,,,,,,,,,,,,,
hotair,0,,,,,,,,,,,,,,,,,,,,,,right_bias,4,0,0,0,0,0,0,0,0,0,0,0,0,Lean Right,797,733,somewhat agree,right,,,,,,
hullabalooblog,,,,,,,,,,,,,,,,,,,,,,,,,,,,,,,,,,,,,,,,,,,,,,,
humansarefree,2,,,,,,,,,,,,,1,,,,,,,,,conspiracy_pseudoscience,2,0,0,0,0,0,0,0,0,0,0,0,0,,,,,,,,,,,
humortimes,,,,,,,,,,,,,,,,,,,,,1,,,,,,,,,,,,,,,,,,,,,,,,,,
informnapalm,,,,,,,,,,,,,,,,,,,,,,,,,,,,,,,,,,,,,,,,,,,,,,,
infowars,2,,,,,,,,1,,,,,1,,,,,,,,,conspiracy_pseudoscience,1,0,0,0,0,0,0,0,0,0,0,0,0,Right,3579,782,absolutely agree,right,2,1,0,1,0,0
inquisitr,,,,,,,,,,,,,,,,,,,,,,,,,,,,,,,,,,,,,,,,,,,,,,,
instapundit,,,,,,,,,,,,,2,,,,,,,1,,,,,,,,,,,,,,,,,,,,,right,,,,,,
intellectualconservative,,,,,,,,,,,,,,,,,,,,,,,,,,,,,,,,,,,,,Lean Right,284,295,somewhat disagree,,,,,,,
intellihub,2,,,,,,,,,,,2,,1,,,,,,,,,conspiracy_pseudoscience,2,0,0,0,0,0,0,0,0,0,0,0,0,,,,,,,,,,,
interpretermag,0,,,,,,,,,,,,,,,,,,,,,,left_center_bias,4,0,0,0,0,0,0,0,0,0,0,0,0,,,,,,,,,,,
investorsbusinessdaily,1,,,,,,,,,,,,,,,,,,,,,,right_bias,3,0,0,0,0,0,0,0,0,0,0,0,0,Lean Right,692,607,somewhat agree,,1,1,0,0,0,0
ipolitics,0,,,,,,,,,,,,,,,,,,,,,,left_center_bias,4,0,0,0,0,0,0,0,0,0,0,0,0,,,,,,,,,,,
jerusalempost,0,,,,,,,,,,,,,,,,,,,,,,right_center_bias,4,0,0,0,0,0,0,0,0,0,0,0,0,,,,,,,,,,,
jewworldorder,,,,,,,,,,,,,,,,,,,,,,,,,,,,,,,,,,,,,,,,,,,,,,,
labourlist,,,,,,,,,,,,,,,,,,,,,,,,,,,,,,,,,,,,,,,,,,,,,,,
latimes,0,,,,,,,,,,,,,,,,,,,,,,left_center_bias,4,0,0,0,0,0,0,0,0,0,0,0,0,Lean Left,4192,3115,somewhat agree,,,,,,,
lewrockwell,2,,,,,,,,,,,2,1,,,,,,,3,,,questionable_source,,0,0,1,1,0,0,0,1,1,0,0,0,,,,,,,,,,,
liberaladvocate,0,,,,,,,,,,,,,,,,,,,,,,left_bias,4,0,0,0,0,0,0,0,0,0,0,0,0,,,,,,,,,,,
liberaldemocratvoice,,,,,,,,,,,,,,,,,,,,,,,,,,,,,,,,,,,,,,,,,,,,,,,
lifesitenews,1,,,,,,,,,,,,,,,,,,,,,,right_bias,3,0,0,0,0,0,0,1,0,0,0,0,0,,,,,,0,1,1,0,0,0
lisahaven,,,,,,,,,,,,,,,,,,,,,,,,,,,,,,,,,,,,,,,,,,,,,,,
liveaction,2,,,,,,,,,,,,1,,,,,,,,,,conspiracy_pseudoscience,3,0,0,0,0,0,0,0,0,0,0,0,0,Lean Right,166,119,somewhat agree,,,,,,,
mail,,,,,,,,,,,,,,,,,,,,,,,,,,,,,,,,,,,,,,,,,,,,,,,
mcclatchydc,0,,,,,,,,,,,,,,,,,,,,,,left_center_bias,4,0,0,0,0,0,0,0,0,0,0,0,0,Center,62,76,somewhat disagree,,,,,,,
mediamattersforamerica,0,,,,,,,,,,,,,,,,,,,,,,left_bias,4,0,0,0,0,0,0,0,0,0,0,0,0,Left,2083,1242,agree,left,,,,,,
mercurynews,0,,,,,,,,,,,,,,,,,,,,,,left_center_bias,4,0,0,0,0,0,0,0,0,0,0,0,0,,,,,,,,,,,
mintpressnews,1,,,,,,,,,,,,,,,,,,,,,,left_center_bias,3,0,0,0,0,0,0,1,0,0,0,0,0,,,,,,,,,,,
motherjones,0,0,0,1,1,0,-1,-1,,,,,,,,,,,,,,,left_bias,4,0,0,0,0,0,0,0,0,0,0,0,0,Left,3008,673,absolutely agree,left,,,,,,
msnbc,1,1,1,1,1,1,-1,-1,,,,,,,,,,,,,,,left_bias,3,0,0,0,0,0,0,0,0,0,0,0,0,Left,3059,1273,strongly agree,left,1,0,0,0,0,0
nationalinterest,0,,,,,,,,,,,,,,,,,,,,,,right_center_bias,4,0,0,0,0,0,0,0,0,0,0,0,0,Center,181,255,somewhat disagree,,,,,,,
nationalreport,,,,,,,,,,,,,,,,,,,,,,,satire,,0,0,0,0,0,0,0,0,0,0,0,0,,,,,,,,,,,
nationalreview,1,,,,,,,,,,,,,,,,,,,1,,,right_bias,3,0,0,0,0,0,0,0,0,0,0,0,0,Right,6809,3300,strongly agree,right,0,0,0,0,0,1
naturalnews,2,,,,,,,,1,,,,,2,,1,,,,,,,conspiracy_pseudoscience,3,0,0,0,0,0,0,0,0,0,0,0,0,,,,,,,,,,,
newsbiscuit,,,,,,,,,,,,,,,,,,,,,1,,satire,,0,0,0,0,0,0,0,0,0,0,0,0,,,,,,,,,,,
newsbud,2,,,,,,,,,,,,,,,,,,,,,,conspiracy_pseudoscience,3,0,0,0,0,0,0,0,1,1,0,0,0,,,,,,,,,,,
newsbusters,1,,,,,,,,,,,,,,,,,,,,,,right_bias,3,0,0,0,0,0,1,1,0,0,0,0,0,Right,326,193,agree,right,1,1,1,0,0,0
newslo,,,,,,,,,,,,,,,,,,,,,,,satire,,0,0,0,0,0,0,0,0,0,0,0,0,,,,,,,,,,,
newsmax,1,,,,,,,,,,,,,,,,,,,,,,right_bias,3,0,1,0,0,0,0,0,0,1,0,0,0,Lean Right,6996,9081,somewhat disagree,,,,,,,
newsnetscotland,,,,,,,,,,,,,,,,,,,,,,,,,,,,,,,,,,,,,,,,,,,,,,,
newspunch,2,,,,,,,,,,,,,,,,,,,,,,questionable_source,1,0,0,1,1,1,0,1,1,0,0,0,0,,,,,,,,,,,
newswars,2,,,,,,,,,,,,,,,,,,,,,,questionable_source,,0,0,1,1,0,1,0,1,0,0,0,0,,,,,,,,,,,
newsweek,1,,,,,,,,,,,,,,,,,,,,,,left_bias,3,0,0,0,0,0,0,0,0,0,0,0,0,Lean Left,1452,1847,somewhat disagree,,0,0,0,0,1,0
newsyoucantuse,,,,,,,,,,,,,,,,,,,,,,,,,,,,,,,,,,,,,,,,,,,,,,,
newyorkdailynews,1,,,,,,,,,,,,,,,,,,,,,,left_center_bias,3,0,0,0,0,0,0,0,0,0,0,0,0,Left,812,329,strongly agree,,,,,,,
newyorker,0,1,1,1,1,1,-1,-1,,,,,,,,,,,,,,,left_bias,4,0,0,0,0,0,0,0,0,0,0,0,0,Left,947,360,strongly agree,,,,,,,
newyorkpost,1,,,,,,,,,,,,,,,,,,,,,,right_center_bias,3,0,0,0,0,0,0,0,0,0,0,0,0,Right,2077,1521,somewhat agree,,0,0,1,0,0,0
noqreport,1,,,,,,,,,,,,,,,,,,,,,,right_bias,3,0,1,0,0,0,0,0,0,0,0,0,0,,,,,,,,,,,
now8news,,,,,,,,,,,,,,,,,,,,,,,satire,,0,0,0,0,0,0,0,0,0,0,0,0,,,,,,,,,,,
npr,0,1,1,1,1,1,0,-1,,,,,,,,,,,,,,,left_center_bias,5,0,0,0,0,0,0,0,0,0,0,0,0,Center,16185,11099,somewhat agree,,,,,,,
oann,1,,,,,,,,,2,,,,,,,,,,1,,,right_bias,3,0,1,0,0,0,0,1,0,0,0,0,0,Lean Right,551,570,somewhat disagree,right,1,1,1,0,0,0
obamawatcher,,,,,,,,,,,,,,,,,,,,,,,,,,,,,,,,,,,,,,,,,,,,,,,
observer,0,,,,,,,,,,,,,,,,,,,1,,,right_center_bias,4,0,0,0,0,0,0,0,0,0,0,0,0,,,,,,,,,,,
occupydemocrats,2,,,,,,,,,,,,,,,,,,,,,,questionable_source,2,1,0,0,1,0,1,1,1,0,0,0,0,,,,,,1,1,0,0,0,0
osce,,,,,,,,,,,,,,,,,,,,,,,,,,,,,,,,,,,,,,,,,,,,,,,
palmerreport,1,,,,,,,,,,,,1,,,,,,,,,,left_bias,3,0,0,0,0,0,0,0,0,0,0,0,0,,,,,left,,,,,,
pamelagellerreport,2,,,,,,,,,,,,,,,,,,,,,,questionable_source,,0,0,1,1,0,0,0,1,0,0,1,0,,,,,,,,,,,
pbs,0,1,1,1,1,1,0,-1,,,,,,,,,,,,,,,left_center_bias,4,0,0,0,0,0,0,0,0,0,0,0,0,Center,1714,1212,somewhat agree,,,,,,,
personalliberty,2,,,,,,,,,,,,,,,,,,,,,,questionable_source,2,0,0,1,1,0,0,0,1,0,0,0,0,,,,,,,,,,,
pinknewsuk,0,,,,,,,,,,,,,,,,,,,,,,left_bias,4,0,0,0,0,0,0,0,0,0,0,0,0,,,,,,,,,,,
politicalite,,,,,,,,,,,,,,,,,,,,,,,,,,,,,,,,,,,,,,,,,,,,,,,
politicalwire,0,,,,,,,,,,,,,,,,,,,,,,least_biased,4,0,0,0,0,0,0,0,0,0,0,0,0,,,,,,,,,,,
politico,0,0,1,1,1,0,-1,-1,,,,,,,,,,,,,,,least_biased,4,0,0,0,0,0,0,0,0,0,0,0,0,,,,,,,,,,,
politicscouk,,,,,,,,,,,,,,,,,,,,,,,,,,,,,,,,,,,,,,,,,,,,,,,
politicsuk,,,,,,,,,,,,,,,,,,,,,,,,,,,,,,,,,,,,,Lean Left,11349,18812,disagree,,,,,,,
politicususa,1,,,,,,,,,,,2,,,,,,,1,,,,left_bias,3,0,0,0,0,0,0,1,0,0,0,0,0,Left,702,217,absolutely agree,left,,,,,,
powerlineblog,1,,,,,,,,,,,,,,,,,,,,,,right_bias,3,0,0,0,0,0,0,1,0,0,0,0,0,,,,,right,,,,,,
pravadareport,1,,,,,,,,,,,,1,3,,,2,,,,,,left_bias,3,0,0,0,0,0,0,0,0,0,0,0,0,,,,,,,,,,,
prepareforchange,,,,,,,,,,,,,,,,,,,,,,,,,,,,,,,,,,,,,,,,,,,,,,,
prisonplanet,2,,,,,,,,,,,,,1,,,,,,,,,conspiracy_pseudoscience,2,0,0,0,0,0,0,0,0,0,0,0,0,,,,,right,,,,,,
rawstory,1,,,,,,,,,,,,,,,,,,2,1,,,left_bias,3,0,0,0,0,0,0,0,0,0,0,0,0,Left,399,233,agree,left,0,0,0,1,0,0
realclearpolitics,0,,,,,,,,,,,,,,,,,,,,,,right_center_bias,4,0,0,0,0,0,0,0,0,0,0,0,0,Center,1983,1606,somewhat agree,right,,,,,,
realnewsrightnow,,,,,,,,,,,1,,,,,,,,,,2,,satire,,0,0,0,0,0,0,0,0,0,0,0,0,,,,,,,,,,,
redstate,1,,,,,,,,,,,,,,,,,,2,1,,,right_bias,3,0,0,0,0,0,0,0,0,0,0,0,0,Right,517,159,absolutely agree,right,,,,,,
remnantnewspaper,2,,,,,,,,,,,,,,,,,,,,,,questionable_source,2,0,0,1,1,0,0,0,1,0,1,0,0,,,,,,,,,,,
renegadetribune,,,,,,,,,,,,,,,,,,,,,,,,,,,,,,,,,,,,,,,,,,,,,,,
reuters,0,,,,,,,,,,,,,,,,,,,,,,least_biased,5,0,0,0,0,0,0,0,0,0,0,0,0,Center,4503,3158,somewhat agree,,,,,,,
rferl,0,,,,,,,,,,,,,,,,,,,,,,least_biased,4,0,0,0,0,0,0,0,0,0,0,0,0,,,,,,,,,,,
rightwingwatch,1,,,,,,,,,,,,,,,,,,,,,,left_bias,3,0,0,0,0,0,0,0,0,0,0,0,0,Right,304,126,strongly agree,left,,,,,,
rollcall,0,,,,,,,,,,,,,,,,,,,,,,least_biased,5,0,0,0,0,0,0,0,0,0,0,0,0,,,,,,,,,,,
rt,2,,,,,,,,,,,,,,,,,,,,,1,questionable_source,1,0,0,0,1,0,1,1,1,0,0,0,0,,,,,,,,,,,
russiainsider,1,,,,,,,,,,,,1,,,,,,2,,,,right_center_bias,3,0,0,0,0,0,0,0,0,0,0,0,0,,,,,,,,,,,
salon,0,,,,,,,,,,,,,,,,,,,,,,left_bias,4,0,0,0,0,0,0,0,0,0,0,0,0,Left,8874,4288,strongly agree,left,,,,,,
saraacater,,,,,,,,,,,,,,,,,,,,,,,,,,,,,,,,,,,,,,,,,,,,,,,
shadowproof,0,,,,,,,,,,,,,,,,,,,,,,left_bias,4,0,0,0,0,0,0,0,0,0,0,0,0,,,,,left,,,,,,
shareblue,1,,,,,,,,,,,1,3,,,,,,,2,,,left_bias,3,0,0,0,0,0,0,0,0,0,0,0,0,,,,,left,,,,,,
shtfplan,2,,,,,,,,,,,,,,,,,,,,,,questionable_source,2,0,0,1,1,0,0,0,1,0,0,0,0,,,,,,,,,,,
skynewspolitics,0,,,,,,,,,,,,,,,,,,,,,,left_center_bias,4,0,0,0,0,0,0,0,0,0,0,0,0,,,,,,,,,,,
skynewsus,0,,,,,,,,,,,,,,,,,,,,,,left_center_bias,4,0,0,0,0,0,0,0,0,0,0,0,0,,,,,,,,,,,
slate,0,0,0,1,1,0,-1,-1,,,,,,,,,,,,,,,left_bias,4,0,0,0,0,0,0,0,0,0,0,0,0,Left,1806,1861,somewhat disagree,,,,,,,
sluggerotoole,,,,,,,,,,,,,,,,,,,,,,,,,,,,,,,,,,,,,,,,,,,,,,,
sottnet,2,,,,,,,,,,,,,,,,,,,,,,conspiracy_pseudoscience,3,0,0,0,0,0,0,0,0,0,0,0,0,,,,,,,,,,,
spiegel,0,,,,,,,,,,,,,,,,,,,,,,left_center_bias,4,0,0,0,0,0,0,0,0,0,0,0,0,,,,,,,,,,,
sputnik,1,,,,,,,,,,3,,1,,,,,,,,,2,right_center_bias,3,0,0,0,0,0,0,0,0,0,0,0,0,,,,,,,,,,,
talkingpointsmemo,0,,,,,,,,,,,,,,,,,,,,,,left_bias,4,0,0,0,0,0,0,0,0,0,0,0,0,,,,,left,,,,,,
tass,0,,,,,,,,,,,,,,,,,,,,,,right_center_bias,4,0,0,0,0,0,0,0,0,0,0,0,0,,,,,,,,,,,
telesurtv,1,,,,,,,,,,,,,,,,,,,,,,left_bias,3,0,0,0,0,0,0,0,0,0,0,0,0,,,,,,,,,,,
theamericanconservative,0,,,,,,,,,,,,,,,,,,,,,,right_center_bias,4,0,0,0,0,0,0,0,0,0,0,0,0,Lean Right,82,85,somewhat disagree,right,,,,,,
theantimedia,2,,,,,,,,,,,1,2,3,,,,,,,,,conspiracy_pseudoscience,3,0,0,0,0,0,0,0,0,0,0,0,0,,,,,,,,,,,
theatlantic,0,,,,,,,,,,,,,,,,,,,,,,left_center_bias,4,0,0,0,0,0,0,0,0,0,0,0,0,Lean Left,2777,1806,agree,,,,,,,
thebeaverton,,,,,,,,,,,,,,,,,,,,,1,,satire,,0,0,0,0,0,0,0,0,0,0,0,0,,,,,,0,2,0,0,0,0
theblaze,1,0,1,-1,-1,0,1,1,,,,,,,,,,,2,1,,,right_bias,3,0,0,0,0,0,0,0,0,0,0,0,0,,,,,right,,,,,,
theborowitzreport,,,,,,,,,,,,,,,,,,,,,1,,satire,,0,0,0,0,0,0,0,0,0,0,0,0,,,,,,,,,,,
thechaser,,,,,,,,,,,,,,,,,,,,,1,,satire,,0,0,0,0,0,0,0,0,0,0,0,0,,,,,,,,,,,
thecollegefix,1,,,,,,,,,,,,,,,,,,,,,,right_bias,3,0,1,0,0,0,0,0,0,0,0,0,0,Right,170,145,somewhat agree,,,,,,,
theconservativetreehouse,1,,,,,,,,,,,,,,,,,,,,,,right_bias,3,0,0,0,0,0,0,1,0,0,0,0,0,,,,,right,,,,,,
thedailybeast,0,,,,,,,,,,,,,,,,,,,,,,left_bias,4,0,0,0,0,0,0,0,0,0,0,0,0,Left,9546,4656,strongly agree,,,,,,,
thedailyblog,,,,,,,,,,,,,,,,,,,,,,,,,,,,,,,,,,,,,,,,,,,,,,,
thedailycaller,1,,,,,,,,,,,,3,,,,,,2,1,,,right_bias,3,0,0,0,0,0,0,0,0,0,0,0,0,Right,3031,1904,agree,right,0,2,0,0,0,0
thedailyecho,,,,,,,,,,,,,,,,,,,,,,,,,,,,,,,,,,,,,,,,,,,,,,,
thedailyexpress,1,,,,,,,,,,,,,,,,1,,,,,,right_bias,3,0,0,0,0,0,0,0,0,0,0,0,0,,,,,,,,,,,
thedailymirror,1,,,,,,,,,,,,,,,,,,,,,,left_bias,3,0,0,0,0,0,0,0,0,0,0,0,0,,,,,,,,,,,
thedailyrecord,1,,,,,,,,,,,,,,,,,,,,,,left_bias,3,0,0,0,0,0,0,0,0,0,0,0,0,,,,,,,,,,,
thedailystar,2,,,,,,,,,,,,,,,,,,,,,,conspiracy_pseudoscience,3,0,0,0,0,0,0,0,0,0,0,0,0,,,,,,,,,,,
thedcclothesline,2,,,,,,,,,,,,,1,,2,,,,,,,questionable_source,,0,0,1,1,0,0,0,1,0,0,0,0,,,,,right,,,,,,
thedenverpost,0,,,,,,,,,,,,,,,,,,,,,,left_center_bias,4,0,0,0,0,0,0,0,0,0,0,0,0,,,,,,,,,,,
theduran,2,,,,,,,,,,,1,,,,,,,,,,,questionable_source,,0,0,1,1,0,0,0,0,0,0,0,0,,,,,,,,,,,
theepochtimes,1,,,,,,,,,,,,,,,,,,,,,,right_bias,3,0,0,0,1,0,0,0,1,0,0,0,0,,,,,,0,1,0,0,0,0
thefiscaltimes,0,,,,,,,,,,,,,,,,,,,,,,right_center_bias,4,0,0,0,0,0,0,0,0,0,0,0,0,Lean Right,616,470,somewhat agree,,,,,,,
thegatewaypundit,2,,,,,,,,,,,3,1,2,,,,,,,,,questionable_source,,0,0,1,1,0,1,0,1,0,0,0,1,Right,371,236,agree,right,0,1,0,0,1,1
theguardian,0,1,1,1,1,0,0,0,,,,,,,,,,,,,,,left_center_bias,4,0,0,0,0,0,0,0,0,0,0,0,0,Lean Left,4434,2667,agree,,,,,,,
theguardianuk,0,,,,,,,,,,,,,,,,,,,,,,left_center_bias,4,0,0,0,0,0,0,0,0,0,0,0,0,Lean Left,,,,,,,,,,
thehill,0,,,,,,,,,,,,,,,,,,,,,,left_center_bias,4,0,0,0,0,0,0,0,0,0,0,0,0,Center,5463,6852,somewhat disagree,,,,,,,
thehuffingtonpost,0,1,0,1,1,0,-1,-1,,,,,,,,,,,,,,,left_bias,4,0,0,0,0,0,0,0,0,0,0,0,0,Left,15600,18254,somewhat disagree,,,,,,,
thehuffingtonpostpoliticalsatire,,,,,,,,,,,,,,,,,,,,,,,satire,,,,,,,,,,,,,,,,,,,,,,,,
thehuffingtonpostuk,0,,,,,,,,,,,,,,,,,,,,,,left_bias,4,0,0,0,0,0,0,0,0,0,0,0,0,Left,,,,,,,,,,
theindependent,0,,,,,,,,,,,,,,,,,,,,,,left_center_bias,4,0,0,0,0,0,0,0,0,0,0,0,0,,,,,,,,,,,
theintercept,0,,,,,,,,,,,,,,,,,,,1,,,left_center_bias,4,0,0,0,0,0,0,0,0,0,0,0,0,Left,498,401,somewhat agree,,,,,,,
theirishtimes,0,,,,,,,,,,,,,,,,,,,,,,left_center_bias,4,0,0,0,0,0,0,0,0,0,0,0,0,,,,,,,,,,,
thelibertydaily,2,,,,,,,,,,,,,,,,,,,,,,questionable_source,3,0,0,1,0,1,1,0,0,0,0,0,0,,,,,,,,,,,
themanchestereveningnews,,,,,,,,,,,,,,,,,,,,,,,,,,,,,,,,,,,,,,,,,,,,,,,
themichellemalkinblog,,,,,,,,,,,,,,,,,,,,,,,,,,,,,,,,,,,,,Right,434,201,strongly agree,right,,,,,,
themoscowtimes,0,,,,,,,,,,,,,,,,,,,,,,left_center_bias,4,0,0,0,0,0,0,0,0,0,0,0,0,,,,,,,,,,,
thenewyorktimes,0,1,1,1,1,1,-1,-1,,,,,,,,,,,,,,,left_center_bias,4,0,0,0,0,0,0,0,0,0,0,0,0,Lean Left,12636,21896,disagree,,0,0,1,0,0,0
theonion,,,,,,,,,,,,,,,,,,,,,1,,satire,,0,0,0,0,0,0,0,0,0,0,0,0,,,,,,,,,,,
thepoke,,,,,,,,,,,,,,,,,,,,,1,,,,,,,,,,,,,,,,,,,,,,,,,,
thepoliticalinsider,1,,,,,,,,,,,3,2,1,,,,,,,,,right_bias,3,0,0,0,0,0,0,0,0,0,0,0,0,,,,,right,1,0,0,0,0,0
therealnews,0,,,,,,,,,,,,,,,,,,,,,,left_bias,4,0,0,0,0,0,0,0,0,0,0,0,0,,,,,,,,,,,
therightscoop,1,,,,,,,,,,1,,,,,,,,2,,,,right_bias,3,0,0,0,0,0,0,0,0,0,0,0,0,,,,,right,,,,,,
therussophileorg,,,,,,,,,,,,,,,,,,,,,,,,,,,,,,,,,,,,,,,,,,,,,,,
theseattletimes,0,,,,,,,,,,,,,,,,,,,,,,left_center_bias,4,0,0,0,0,0,0,0,0,0,0,0,0,,,,,,,,,,,
theshovel,,,,,,,,,,,,,,,,,,,,,1,,satire,,0,0,0,0,0,0,0,0,0,0,0,0,,,,,,,,,,,
thesmokinggun,0,,,,,,,,,,,,,,,,,,,,,,right_center_bias,4,0,0,0,0,0,0,0,0,0,0,0,0,,,,,,,,,,,
thespoof,,,,,,,,,,,,,,,,,,,,,1,,satire,,0,0,0,0,0,0,0,0,0,0,0,0,,,,,,,,,,,
thesun,1,,,,,,,,,,,,,,,,,,,,,,right_bias,3,0,0,0,0,0,0,0,0,0,0,0,0,,,,,,,,,,,
thetelegraph,0,,,,,,,,,,,,,,,,,,,,,,right_center_bias,4,0,0,0,0,0,0,0,0,0,0,0,0,Lean Right,417,238,agree,,,,,,,
thetorontostar,0,,,,,,,,,,,,,,,,,,,,,,left_center_bias,4,0,0,0,0,0,0,0,0,0,0,0,0,,,,,,,,,,,
thevaccinereaction,,,,,,,,,,,,,,,,,,,,,,,,,,,,,,,,,,,,,,,,,,,,,,,
thevalleyreport,,,,,,,,,,,,,,,,,,,,,,,,,,,,,,,,,,,,,,,,,,,,,,,
theverge,0,,,,,,,,,,,,,,,,,,,,,,left_center_bias,4,0,0,0,0,0,0,0,0,0,0,0,0,Lean Left,319,213,somewhat agree,,,,,,,
thewashingtonexaminer,0,,,,,,,,,,,2,,,,,,,,1,,,right_bias,4,0,0,0,0,0,0,0,0,0,0,0,0,Lean Right,2927,1607,agree,right,0,0,0,1,0,0
thewashingtonstandard,,,,,,,,,,,,,,,,,,,,,,,,,,,,,,,,,,,,,,,,,,,,,,,
theweekuk,,,,,,,,,,,,,,,,,,,,,,,,,,,,,,,,,,,,,,,,,,,,,,,
thinkprogress,1,0,0,1,0,0,-1,-1,,,,,,,,,,,,1,,,left_bias,3,0,0,0,0,0,0,0,0,0,0,0,0,Left,1806,623,strongly agree,left,,,,,,
trueactivist,2,,,,,,,,,,,2,,,,,,,1,,,,questionable_source,,1,0,0,1,0,0,0,1,0,0,0,0,,,,,left,,,,,,
truepundit,2,,,,,,,,,,,,1,,,,,,2,,,,conspiracy_pseudoscience,2,0,0,0,0,0,0,0,0,0,0,0,0,,,,,right,1,0,0,0,0,0
trumptimes,,,,,,,,,,,,,,,,,,,,,,,,,,,,,,,,,,,,,,,,,,,,,,,
turningpointusa,2,,,,,,,,,,,,,,,,,,,,,,questionable_source,2,0,0,0,1,0,0,1,0,0,0,0,0,,,,,,,,,,,
unconfirmedsources,,,,,,,,,,,,,,,,,,,,,,,,,,,,,,,,,,,,,,,,,,,,,,,
unian,,,,,,,,,,,,,,,,,,,,,,,,,,,,,,,,,,,,,,,,,,,,,,,
upi,0,,,,,,,,,,,,,,,,,,,,,,least_biased,4,0,0,0,0,0,0,0,0,0,0,0,0,,,,,,,,,,,
urbanintellectuals,,,,,,,,,,,,,,,,,,,,,,,,,,,,,,,,,,,,,,,,,,,,,,,
usatoday,0,1,1,1,1,1,1,-1,,,,,,,,,,,,,,,left_center_bias,4,0,0,0,0,0,0,0,0,0,0,0,0,Center,10753,7745,somewhat agree,,,,,,,
usnews,0,,,,,,,,,,,,,,,,,,,,,,left_center_bias,4,0,0,0,0,0,0,0,0,0,0,0,0,,,,,,,,,,,
vaxxter,2,,,,,,,,,,,,,,,,,,,,,,conspiracy_pseudoscience,2,0,0,0,0,1,0,1,1,1,0,0,0,,,,,,,,,,,
vdare,2,,,,,,,,,,,,,,,,,,,,,,questionable_source,3,0,0,1,0,0,0,0,0,0,1,0,0,,,,,,,,,,,
veteranstoday,2,,,,,,,,,,,2,1,,,,,,,,,,conspiracy_pseudoscience,3,0,0,0,0,0,0,0,0,0,0,0,0,,,,,,,,,,,
vox,0,,,,,,,,,,,,,,,,,,,,,,left_bias,4,0,0,0,0,0,0,0,0,0,0,0,0,Left,7902,10930,somewhat disagree,,,,,,,
wakingtimes,2,,,,,,,,,,,,,,,1,,,,,,,conspiracy_pseudoscience,2,0,0,0,0,0,0,0,0,0,0,0,0,,,,,,,,,,,
warroom,,,,,,,,,,,,,,,,,,,,,,,,,,,,,,,,,,,,,,,,,,,,,,,
washingtonmonthly,0,,,,,,,,,,,,,,,,,,,,,,left_bias,4,0,0,0,0,0,0,0,0,0,0,0,0,Lean Left,139,116,somewhat agree,left,,,,,,
washingtonpost,0,1,1,1,1,1,-1,-1,,,,,,,,,,,,,,,left_center_bias,4,0,0,0,0,0,0,0,0,0,0,0,0,Lean Left,21708,12981,agree,,,,,,,
westernjournal,1,,,,,,,,,,,,1,,,,,,2,,,,right_bias,3,0,0,0,0,0,0,0,0,0,0,0,0,Right,759,319,strongly agree,right,,,,,,
windowoneurasiablog,,,,,,,,,,,,,,,,,,,,,,,,,,,,,,,,,,,,,,,,,,,,,,,
wingsoverscotland,0,,,,,,,,,,,,,,,,,,,,,,left_center_bias,4,0,0,0,0,0,0,0,0,0,0,0,0,,,,,,,,,,,
wizbang,,,,,,,,,,,,,,,,,,,,,,,,,,,,,,,,,,,,,,,,,,,,,,,
wnd,2,,,,,,,,,,,,,,,,,,,,,,questionable_source,3,0,0,1,0,0,1,1,1,0,0,0,0,,,,,,1,1,1,0,0,0
wsjwashingtonwire,0,,,,,,,,,,,,,,,,,,,,,,right_center_bias,4,0,0,0,0,0,0,0,0,0,0,0,0,,,,,,,,,,,
yahoonews,0,1,1,1,1,0,0,-1,,,,,,,,,,,,,,,left_center_bias,3,0,0,0,0,0,0,0,0,0,0,0,0,Left,1190,1137,somewhat agree,,,,,,,
yna,,,,,,,,,,,,,,,,,,,,,,,,,,,,,,,,,,,,,,,,,,,,,,,
zerohedge,2,,,,,,,,,,,,,,,,,,,,,,conspiracy_pseudoscience,3,0,0,1,0,0,1,1,1,1,0,0,0,,,,,,0,1,1,0,0,0
