,text_id,head,relation,tail,label,o_head,o_tail,fb_head,fb_tail
0,6873.json,Barack Obama,people/person/employment_history./business/employment_tenure/title,President of the United States,False,Obama,President,/m/02mjmr,President of the United States
1,7976.json,Barack Obama,people/person/employment_history./business/employment_tenure/title,President of the United States,True,Obama,President,/m/02mjmr,President of the United States
2,2354.json,Kristi Thibaut,organization/role/leaders./organization/leadership/person,Acorn,True,Kristi Thibaut,ACORN,Kristi Thibaut,Acorn
3,2354.json,Kristi Thibaut,people/person/employment_history./business/employment_tenure/title,State+Rep.,True,Kristi Thibaut,State Rep.,Kristi Thibaut,State+Rep.
4,980.json,Timothy Geithner,people/person/employment_history./business/employment_tenure/title,Secretary,False,Geithner,Secretary,Timothy Geithner,Secretary
5,6457.json,Martin Heinrich,people/person/employment_history./business/employment_tenure/title,Rep,False,Martin Heinrich,Rep.,/m/02qkv0r,/m/07r8g3
6,7473.json,Rick Scott,people/person/employment_history./business/employment_tenure/title,.gov,False,Rick Scott,Gov.,/m/0btx2g,.gov
7,3747.json,George Allen,people/person/employment_history./business/employment_tenure/title,Senator,False,George Allen,senator,George Allen,Senator
8,10707.json,Patrick Murphy,organization/role/leaders./organization/leadership/person,Republican Party,False,Patrick Murphy,GOP,Patrick Murphy,Republican Party
9,10707.json,Patrick Murphy,people/person/employment_history./business/employment_tenure/title,Rep,False,Patrick Murphy,Rep.,Patrick Murphy,/m/07r8g3
10,10707.json,Patrick Murphy,organization/role/leaders./organization/leadership/person,Republican Party,False,Patrick Murphy,GOP,Patrick Murphy,Republican Party
11,10707.json,Patrick Murphy,organization/role/leaders./organization/leadership/person,Republican Party,False,Patrick Murphy,GOP,Patrick Murphy,Republican Party
12,10707.json,Patrick Murphy,organization/role/leaders./organization/leadership/person,Republican Party,False,Patrick Murphy,GOP,Patrick Murphy,Republican Party
13,10707.json,Patrick Murphy,organization/role/leaders./organization/leadership/person,Republican Party,False,Patrick Murphy,GOP,Patrick Murphy,Republican Party
14,1585.json,Nancy Pelosi,people/person/employment_history./business/employment_tenure/title,List of Speakers of the United States House of ... -,True,Nancy Pelosi,House Speaker,/m/012v1t,List of Speakers of the United States House of ... -
15,6632.json,Bruce Springsteen,organization/role/leaders./organization/leadership/person,Seton Hall University,True,Bruce Springsteen,Seton Hall University,/m/0gcs9,/m/01j_06
16,3459.json,Barack Obama,people/person/employment_history./business/employment_tenure/title,President of the United States,True,Obama,President,/m/02mjmr,President of the United States
17,2929.json,Franklin D. Roosevelt,people/person/employment_history./business/employment_tenure/title,President of the United States,False,Franklin D. Roosevelt,President,Franklin D. Roosevelt,President of the United States
18,2929.json,Franklin D. Roosevelt,organization/role/leaders./organization/leadership/person,Social+Security,False,Franklin D. Roosevelt,Social Security,Franklin D. Roosevelt,Social+Security
19,12573.json,Arnold Schwarzenegger,people/person/employment_history./business/employment_tenure/title,Governor,True,Schwarzenegger,governor,/m/0tc7,Governor
20,11450.json,Peter Petrarca,people/person/employment_history./business/employment_tenure/title,Rep,True,Peter Petrarca,Rep.,Peter Petrarca,/m/07r8g3
21,11128.json,Hillary Clinton,organization/role/leaders./organization/leadership/person,United States Congress,False,Hillary Clinton,Congress,Hillary Clinton,/m/07t31
22,9478.json,Abu Bakr al-Baghdadi,organization/role/leaders./organization/leadership/person,Islamic State of Iraq and the Levant,False,Abu Bakr al Baghdadi,ISIS,/m/0h7q0rq,/m/027x630
23,9478.json,Abu Bakr al-Baghdadi,organization/role/leaders./organization/leadership/person,Barack Obama,False,Abu Bakr al Baghdadi,Obama,/m/0h7q0rq,/m/02mjmr
24,9478.json,Abu Bakr al-Baghdadi,people/person/employment_history./business/employment_tenure/title,Leadership,False,Abu Bakr al Baghdadi,leader,/m/0h7q0rq,/m/025rt2s
25,6752.json,United States House of Representatives,organization/organization/headquarters./location/mailing_address/country,Us,True,House of Representatives,U.S.,/m/0b3wk,Us
26,10660.json,Scott Walker,people/person/employment_history./business/employment_tenure/title,.gov,False,Scott Walker,Gov.,Scott Walker,.gov
27,2318.json,Sharron Angle,organization/role/leaders./organization/leadership/person,Department,True,Sharron Angle,Department,/m/0frtmb,Department
28,2318.json,Sharron Angle,organization/role/leaders./organization/leadership/person,Department+of+Education,True,Sharron Angle,Department of Education,/m/0frtmb,Department+of+Education
29,3373.json,Jim Renacci,people/person/employment_history./business/employment_tenure/title,Rep,False,Jim Renacci,Rep.,/m/025v2hb,/m/07r8g3
30,7088.json,John Kasich,people/person/employment_history./business/employment_tenure/title,.gov,True,John Kasich,Gov.,/m/02zzm_,.gov
31,4362.json,Bill Clinton,people/person/employment_history./business/employment_tenure/title,President of the United States,True,Bill Clinton,President,/m/0157m,President of the United States
32,5402.json,Chris Christie,people/person/employment_history./business/employment_tenure/title,Governor,True,Chris Christie,governor,/m/0f8t6k,Governor
33,743.json,United States Senate,organization/organization/headquarters./location/mailing_address/country,United States,True,Senate,United States,/m/07t58,/m/09c7w0
34,5755.json,Barack Obama,people/person/employment_history./business/employment_tenure/title,President of the United States,False,Obamas,President,/m/02mjmr,President of the United States
35,4433.json,Perry,people/person/employment_history./business/employment_tenure/title,.gov,True,Perry,Gov.,Perry,.gov
36,11688.json,Barack Obama,people/person/employment_history./business/employment_tenure/title,President of the United States,False,Obama,President,/m/02mjmr,President of the United States
37,13359.json,Barack Obama,people/person/employment_history./business/employment_tenure/title,President of the United States,False,Obama,President,/m/02mjmr,President of the United States
38,1029.json,Tony Blair,people/person/employment_history./business/employment_tenure/title,Admiral,True,Blair,Admiral,/m/0948xk,Admiral
39,1029.json,Barack Obama,people/person/employment_history./business/employment_tenure/title,President of the United States,True,Obamas,President,/m/02mjmr,President of the United States
40,11973.json,Gerald Daugherty,people/person/employment_history./business/employment_tenure/title,County commission,False,Gerald Daugherty,County Commissioner,Gerald Daugherty,County commission
41,9665.json,County,location/hud_county_place/county,"DeKalb, Illinois",True,County,DeKalb,County,/m/0s61l
42,10569.json,Barack Obama,people/person/employment_history./business/employment_tenure/title,President of the United States,True,Barack Obama,President,/m/02mjmr,President of the United States
43,8852.json,David Dewhurst,people/person/employment_history./business/employment_tenure/title,Lieutenant,True,David Dewhurst,lieutenant lieutenant lieutenant,/m/06qc5k,Lieutenant
44,8852.json,David Dewhurst,people/person/employment_history./business/employment_tenure/title,Lieutenant governor,True,David Dewhurst,lieutenant governor,/m/06qc5k,Lieutenant governor
45,1724.json,Rick Perry,people/person/employment_history./business/employment_tenure/title,.gov,False,Rick Perry,Gov.,/m/02nlj_,.gov
46,6724.json,Barack Obama,people/person/employment_history./business/employment_tenure/title,President of the United States,False,Obama,President,/m/02mjmr,President of the United States
47,13507.json,Mike Pence,people/person/employment_history./business/employment_tenure/title,.gov,True,Mike Pence,Gov.,/m/022r9r,.gov
48,6787.json,Ted Cruz,organization/role/leaders./organization/leadership/person,United States Department of Education,True,Ted Cruz,U.S. Department of Education,/m/07j6ty,/m/0jbl2
49,6787.json,Ted Cruz,organization/role/leaders./organization/leadership/person,U.S.+Department,True,Ted Cruz,U.S. Department,/m/07j6ty,U.S.+Department
50,1368.json,United States Senate,organization/organization/headquarters./location/mailing_address/country,Us,True,Senate,U.S.,/m/07t58,Us
51,602.json,Roe v. Wade,organization/role/leaders./organization/leadership/person,Supreme Court of the United States,True,Roe v. Wade,Supreme Court,/m/0hx5v,/m/07sz1
52,9877.json,Bruce Braley,organization/role/leaders./organization/leadership/person,United States Senate,True,Bruce Braley,Senate,/m/07r9r0,/m/07t58
53,9877.json,Bruce Braley,people/person/employment_history./business/employment_tenure/title,Candidate,True,Bruce Braley,candidate,/m/07r9r0,Candidate
54,13456.json,White House,organization/organization/headquarters./location/mailing_address/country,United States Senate,False,White House,Senate,/m/081sq,/m/07t58
55,13456.json,White House,organization/organization/headquarters./location/mailing_address/country,House,False,White House,House,/m/081sq,House
56,6528.json,Tommy Thompson,organization/role/leaders./organization/leadership/person,United States Senate,True,Tommy Thompson,U.S. Senate,/m/01fwm3,/m/07t58
57,7587.json,Kasim Reed,people/person/employment_history./business/employment_tenure/title,Mayor,True,Kasim Reed,Mayor,/m/03x_sks,Mayor
58,7567.json,Barack Obama,people/person/employment_history./business/employment_tenure/title,President of the United States,False,Obamas,President,/m/02mjmr,President of the United States
59,7567.json,Bill Clinton,people/person/employment_history./business/employment_tenure/title,President of the United States,False,Clintons,President,/m/0157m,President of the United States
60,12495.json,Ron Johnson,organization/role/leaders./organization/leadership/person,Medicare,True,Ron Johnson,Medicare,Ron Johnson,Medicare
61,673.json,John McCain,people/person/employment_history./business/employment_tenure/title,Senator,True,McCain,Senator,/m/0bymv,Senator
62,2565.json,Ralph Hudgens,people/person/employment_history./business/employment_tenure/title,Candidate,True,Ralph Hudgens,candidate,Ralph Hudgens,Candidate
63,12451.json,Bill Clinton,people/person/employment_history./business/employment_tenure/title,Secretary,True,Clinton,Secretary,/m/0157m,Secretary
64,5632.json,Barack Obama,people/person/employment_history./business/employment_tenure/title,President of the United States,True,Barack Obama,President,/m/02mjmr,President of the United States
65,5155.json,National Football League,organization/role/leaders./organization/leadership/person,Tim Tebow,False,NFL,Tim Tebow,/m/059yj,/m/0g7km1
66,4894.json,Debbie Wasserman Schultz,people/person/employment_history./business/employment_tenure/title,Rep,False,Debbie Wasserman Schultz,Rep.,/m/04cmyw,/m/07r8g3
67,5827.json,Allen West,people/person/employment_history./business/employment_tenure/title,Rep,False,Allen West,Rep.,/m/02rx27t,/m/07r8g3
68,821.json,George W. Bush,people/person/employment_history./business/employment_tenure/title,President of the United States,False,Bush,President,/m/09b6zr,President of the United States
69,821.json,Gore,people/person/employment_history./business/employment_tenure/title,Vice President of the United States,False,Gore,Vice President,Gore,Vice President of the United States
70,821.json,Gore,people/person/employment_history./business/employment_tenure/title,George W. Bush,False,Gore,Bush,Gore,/m/09b6zr
71,9711.json,Ann McLane Kuster,people/person/employment_history./business/employment_tenure/title,Rep,False,Ann McLane Kuster,Rep.,/m/064p47_,/m/07r8g3
72,12532.json,Al-Qaeda,organization/organization/headquarters./location/mailing_address/country,Iraq,False,Al Qaeda,Iraq,/m/0v74,/m/0d05q4
73,7025.json,Steve Cohen,people/person/employment_history./business/employment_tenure/title,Member of Congress,False,Steve Cohen,Congressman,/m/04l8cr,Member of Congress
74,7025.json,County,location/hud_county_place/county,Carroll Shelby,False,County,Shelby,County,/m/029ljx
75,2856.json,Barack Obama,people/person/employment_history./business/employment_tenure/title,President of the United States,True,Obama,President,/m/02mjmr,President of the United States
76,10921.json,Jeb Bush,people/person/employment_history./business/employment_tenure/title,Governor,True,Jeb Bush,governor,/m/019x9z,Governor
77,1440.json,Barack Obama,people/person/employment_history./business/employment_tenure/title,President of the United States,False,Obama,President,/m/02mjmr,President of the United States
78,10221.json,Steve Adler,people/person/employment_history./business/employment_tenure/title,Candidate,True,Steve Adler,candidate,Steve Adler,Candidate
79,2598.json,Patrick Rose,people/person/employment_history./business/employment_tenure/title,state+Rep.,False,Patrick Rose,state Rep.,Patrick Rose,state+Rep.
80,11754.json,Dianne Feinstein,people/person/employment_history./business/employment_tenure/title,Senator,False,Dianne Feinstein,Senator,/m/01gqws,Senator
81,9899.json,Barack Obama,people/person/employment_history./business/employment_tenure/title,President of the United States,True,Obama,President,/m/02mjmr,President of the United States
82,2637.json,Jimmy Dimora,people/person/employment_history./business/employment_tenure/title,Politician,False,Jimmy Dimora,politician,Jimmy Dimora,Politician
83,2637.json,Maryellen O'Shaughnessy,people/person/employment_history./business/employment_tenure/title,Jimmy Dimora,False,Maryellen OShaughnessy,Jimmy Dimora,Maryellen O'Shaughnessy,Jimmy Dimora
84,4394.json,Paul Ryan,people/person/employment_history./business/employment_tenure/title,Rep,False,Paul Ryans,Rep.,/m/024v2j,/m/07r8g3
85,9702.json,Cory Gardner,organization/role/leaders./organization/leadership/person,United States Senate,False,Cory Gardner,U.S. Senate,/m/0czd33q,/m/07t58
86,9702.json,Cory Gardner,people/person/employment_history./business/employment_tenure/title,Candidate,False,Cory Gardner,candidate,/m/0czd33q,Candidate
87,10518.json,Sonia Sotomayor,organization/role/leaders./organization/leadership/person,Supreme Court of the United States,False,Sonia Sotomayor,Supreme Court,/m/06lvrr,/m/07sz1
88,1803.json,Steve Poizner,people/person/employment_history./business/employment_tenure/title,2021 Virginia gubernatorial election,True,Steve Poizner,gubernatorial candidate,/m/04nn1h,2021 Virginia gubernatorial election
89,12129.json,Jeff+Denhamhas,people/person/employment_history./business/employment_tenure/title,Member of Congress,False,Jeff Denhamhas,Congressman,Jeff+Denhamhas,Member of Congress
90,12979.json,Tim Kaine,people/person/employment_history./business/employment_tenure/title,Governor,False,Tim Kaine,governor,/m/053f8h,Governor
91,10689.json,Mike Pence,people/person/employment_history./business/employment_tenure/title,.gov,True,Mike Pence,Gov.,/m/022r9r,.gov
92,11055.json,Barack Obama,people/person/employment_history./business/employment_tenure/title,President of the United States,False,Obama,President,/m/02mjmr,President of the United States
93,535.json,United States Senate,organization/organization/headquarters./location/mailing_address/country,United States,True,Senate,United States,/m/07t58,/m/09c7w0
94,6870.json,Nathan Deal,people/person/employment_history./business/employment_tenure/title,.gov,False,Nathan Deal,Gov.,/m/0255js,.gov
95,10316.json,Ted+Yohoattempts,people/person/employment_history./business/employment_tenure/title,Rep,True,Ted Yohoattempts,Rep.,Ted+Yohoattempts,/m/07r8g3
96,1813.json,Rick Scott,people/person/employment_history./business/employment_tenure/title,Governor,False,Rick Scott,governor,/m/0btx2g,Governor
97,9707.json,Barack Obama,people/person/employment_history./business/employment_tenure/title,President of the United States,True,Barack Obama,President,/m/02mjmr,President of the United States
98,7226.json,Barack Obama,people/person/employment_history./business/employment_tenure/title,President of the United States,False,Obama,President,/m/02mjmr,President of the United States
99,8134.json,Franklin D. Roosevelt,people/person/employment_history./business/employment_tenure/title,President of the United States,True,Franklin Delano Roosevelt,President,Franklin D. Roosevelt,President of the United States
100,6088.json,United States Senate,organization/organization/headquarters./location/mailing_address/country,United States,False,Senate,United States,/m/07t58,/m/09c7w0
101,785.json,Henry Paulson,people/person/employment_history./business/employment_tenure/title,Secretary,True,Paulson,Secretary,/m/05rgkg,Secretary
102,785.json,Ben Bernanke,organization/role/leaders./organization/leadership/person,Federal Reserve,True,Bernanke,Federal Reserve,/m/05_xks,/m/02xmb
103,785.json,Ben Bernanke,people/person/employment_history./business/employment_tenure/title,Chairperson,True,Bernanke,Chairman,/m/05_xks,Chairperson
104,1557.json,Charlie Crist,people/person/employment_history./business/employment_tenure/title,.gov,True,Charlie Crist,Gov.,/m/04jyvv,.gov
105,5635.json,Connie Mack,people/person/employment_history./business/employment_tenure/title,Rep,False,Connie Mack,Rep.,Connie Mack,/m/07r8g3
106,652.json,Barack Obama,organization/role/leaders./organization/leadership/person,Illinois Senate,True,Barack Obama,Illinois Senate,/m/02mjmr,Illinois Senate
107,12585.json,Terry McAuliffe,people/person/employment_history./business/employment_tenure/title,.gov,False,Terry McAuliffe,Gov.,/m/02dgtb,.gov
108,6224.json,Rick Perry,people/person/employment_history./business/employment_tenure/title,.gov,True,Rick Perrys,Gov.,/m/02nlj_,.gov
109,1549.json,CJ McCollum,people/person/employment_history./business/employment_tenure/title,Member of Congress,False,McCollum,Congressman,CJ McCollum,Member of Congress
110,1549.json,CJ McCollum,organization/role/leaders./organization/leadership/person,Social+Security,False,McCollum,Social Security,CJ McCollum,Social+Security
111,11122.json,Scott Walker,people/person/employment_history./business/employment_tenure/title,.gov,False,Scott Walker,Gov.,Scott Walker,.gov
112,3967.json,Carlos A. Giménez,people/person/employment_history./business/employment_tenure/title,Candidate,True,Carlos Gimenez,candidate,Carlos A. Giménez,Candidate
113,3967.json,Carlos Álvarez,people/person/employment_history./business/employment_tenure/title,Mayor,True,Carlos Alvarez,Mayor,/m/09zkqb,Mayor
114,748.json,United States Senate,organization/organization/headquarters./location/mailing_address/country,United States,False,Senate,United States,/m/07t58,/m/09c7w0
115,748.json,Barack Obama,people/person/employment_history./business/employment_tenure/title,Senator,False,Obama,Senator,/m/02mjmr,Senator
116,12644.json,Barack Obama,people/person/employment_history./business/employment_tenure/title,President of the United States,True,Barack Obama,President,/m/02mjmr,President of the United States
117,10245.json,County,location/hud_county_place/county,Orange,True,County,Orange,County,Orange
118,214.json,Barack Obama,people/person/employment_history./business/employment_tenure/title,Senator,True,Obamas,Senator,/m/02mjmr,Senator
119,984.json,Barack Obama,people/person/employment_history./business/employment_tenure/title,President of the United States,False,Obama,President,/m/02mjmr,President of the United States
120,1272.json,Barack Obama,people/person/employment_history./business/employment_tenure/title,President of the United States,False,Obama,President,/m/02mjmr,President of the United States
121,1356.json,Andy Stern,people/person/employment_history./business/employment_tenure/title,President of the United States,False,Andy Stern,president,/m/03w8js,President of the United States
122,1356.json,Andy Stern,organization/role/leaders./organization/leadership/person,Labour,False,Andy Stern,Labor,/m/03w8js,/m/0nbdkp6
123,11489.json,Steve Smith,people/person/employment_history./business/employment_tenure/title,Rep,False,Steven Smith,Rep.,Steve Smith,/m/07r8g3
124,3279.json,Scott Walker,people/person/employment_history./business/employment_tenure/title,.gov,True,Scott Walker,Gov.,Scott Walker,.gov
125,1793.json,Elena Kagan,people/person/employment_history./business/employment_tenure/title,York,False,Elena Kagan,York York York York,/m/06lnfm,York
126,5968.json,Barack Obama,people/person/religion,Muslims,False,Obama,Muslim,/m/02mjmr,/m/04y29
127,5968.json,Birthright citizenship in the United States,location/statistical_region/religions./location/religion_percentage/religion,Muslims,False,U.S.born,Muslim,Birthright citizenship in the United States,/m/04y29
128,13362.json,Jeff Denham,people/person/employment_history./business/employment_tenure/title,Member of Congress,False,Jeff Denham,Congressman,/m/02q4gng,Member of Congress
129,13362.json,Trump,people/person/employment_history./business/employment_tenure/title,Jeff Denham,False,Trump,Jeff Denham,Trump,/m/02q4gng
130,5614.json,Carol Shea-Porter,people/person/employment_history./business/employment_tenure/title,Rep,False,Carol SheaPorter,Rep.,/m/0fvcl4,/m/07r8g3
131,1043.json,Sonia Sotomayor,organization/role/leaders./organization/leadership/person,Supreme Court of the United States,False,Sonia Sotomayor,Supreme Court,/m/06lvrr,/m/07sz1
132,1609.json,Marco Rubio,people/person/employment_history./business/employment_tenure/title,Lobbying,False,Marco Rubio,lobbyist lobbyist,/m/0dpr5f,/m/0d1vg
133,1848.json,Roy Barnes,people/person/employment_history./business/employment_tenure/title,Governor,True,Roy Barnes,governor,/m/03fxrk,Governor
134,9224.json,Thom Tillis,people/person/employment_history./business/employment_tenure/title,Candidate,False,Thom Tillis,candidate,/m/0fq0395,Candidate
135,9224.json,Thom Tillis,organization/role/leaders./organization/leadership/person,Says+North+Carolina+Republican+Senate,False,Thom Tillis,Says North Carolina Republican Senate,/m/0fq0395,Says+North+Carolina+Republican+Senate
136,6036.json,Mitt Romney,people/person/employment_history./business/employment_tenure/title,.gov,True,Mitt Romney,Gov.,/m/0271_s,.gov
137,6036.json,Massachusetts,people/person/employment_history./business/employment_tenure/title,Mitt Romney,True,Massachusetts,Mitt Romney,/m/05k7sb,/m/0271_s
138,6036.json,Massachusetts,people/person/employment_history./business/employment_tenure/title,Mitt Romney,True,Massachusetts,Mitt Romney,/m/05k7sb,/m/0271_s
139,2620.json,Jim Marshall,people/person/employment_history./business/employment_tenure/title,Rep,False,Jim Marshall,Rep.,/m/0b7q9n,/m/07r8g3
140,3834.json,Paul Ryan,people/person/employment_history./business/employment_tenure/title,Rep,False,Paul Ryan,Rep.,/m/024v2j,/m/07r8g3
141,6946.json,Rick Gudex,people/person/employment_history./business/employment_tenure/title,Candidate,False,Rick Gudex,candidate,Rick Gudex,Candidate
142,6946.json,Rick Gudex,organization/role/leaders./organization/leadership/person,United States Senate,False,Rick Gudex,Senate,Rick Gudex,/m/07t58
143,1372.json,Barack Obama,people/person/employment_history./business/employment_tenure/title,President of the United States,False,Obama,President,/m/02mjmr,President of the United States
144,1372.json,Barack Obama,people/person/employment_history./business/employment_tenure/title,War,False,Obama,war,/m/02mjmr,/m/082cb
145,4616.json,Donna Campbell,organization/role/leaders./organization/leadership/person,Texas Senate,False,Donna Campbell,Texas Senate,Donna Campbell,Texas Senate
146,7110.json,Scott Walker,people/person/employment_history./business/employment_tenure/title,.gov,False,Scott Walker,Gov.,Scott Walker,.gov
147,2650.json,Nathan Deal,people/person/employment_history./business/employment_tenure/title,Governor,True,Nathan Deal,governor,/m/0255js,Governor
148,4374.json,Barack Obama,people/person/employment_history./business/employment_tenure/title,President of the United States,False,Barack Obama,President,/m/02mjmr,President of the United States
149,4897.json,Scott Walker,people/person/employment_history./business/employment_tenure/title,.gov,False,Scott Walker,Gov.,Scott Walker,.gov
150,11543.json,Barack Obama,people/person/employment_history./business/employment_tenure/title,President of the United States,True,Obama,President,/m/02mjmr,President of the United States
151,11543.json,Bernie Sanders,people/person/employment_history./business/employment_tenure/title,Senator,True,Sanders,Senator,/m/01_gbv,Senator
152,6003.json,Scott Walker,people/person/employment_history./business/employment_tenure/title,.gov,True,Scott Walker,Gov.,Scott Walker,.gov
153,4283.json,Jim Holperin,people/person/employment_history./business/employment_tenure/title,State senator,False,Jim Holperin,state Sen.,Jim Holperin,State senator
154,6258.json,Tea Party movement,organization/role/leaders./organization/leadership/person,Bill O'Brien,False,Tea Party,Bill OBriens,/m/09v571r,Bill O'Brien
155,13383.json,Brenda Snipes,people/person/employment_history./business/employment_tenure/title,Supervisor,False,Brenda Snipes,supervisor,Brenda Snipes,Supervisor
156,2384.json,County,location/hud_county_place/county,Clayton,True,County,Clayton,County,Clayton
157,5701.json,Tom Barrett,people/person/employment_history./business/employment_tenure/title,Mayor,True,Tom Barretts,Mayor,Tom Barrett,Mayor
158,4404.json,Barack Obama,people/person/employment_history./business/employment_tenure/title,President of the United States,False,Barack Obamas,President,/m/02mjmr,President of the United States
159,1761.json,Dean Cannon,organization/role/leaders./organization/leadership/person,117th United States Congress,True,Dean Cannon,Incoming House,/m/02z6gcd,117th United States Congress
160,1761.json,Mike Haridopolos,people/person/employment_history./business/employment_tenure/title,President of the United States,True,Mike Haridopolos,President,/m/068wd5,President of the United States
161,1761.json,Mike Haridopolos,organization/role/leaders./organization/leadership/person,United States Senate,True,Mike Haridopolos,Senate,/m/068wd5,/m/07t58
162,2004.json,Jim Keffer,people/person/employment_history./business/employment_tenure/title,state+Rep.,True,Jim Keffer,state Rep.,Jim Keffer,state+Rep.
163,2004.json,Jim Keffer,people/person/employment_history./business/employment_tenure/title,Joe Straus,True,Jim Keffer,Joe Straus,Jim Keffer,/m/059_sct
164,2004.json,Joe Straus,people/person/employment_history./business/employment_tenure/title,List of Speakers of the United States House of ... -,True,Joe Straus,House Speaker,/m/059_sct,List of Speakers of the United States House of ... -
165,1039.json,Sonia Sotomayor,people/person/employment_history./business/employment_tenure/title,Judge,True,Sotomayor,Judge,/m/06lvrr,Judge
166,1843.json,Adam Putnam,people/person/employment_history./business/employment_tenure/title,Member of Congress,True,Adam Putnam,Congressman,/m/0252pg,Member of Congress
167,4322.json,Rick Scott,people/person/employment_history./business/employment_tenure/title,.gov,False,Rick Scott,Gov.,/m/0btx2g,.gov
168,5926.json,Scott Walker,people/person/employment_history./business/employment_tenure/title,.gov,False,Scott Walker,Gov.,Scott Walker,.gov
169,7622.json,Frederica Wilson,people/person/employment_history./business/employment_tenure/title,Alexandria Ocasio-Cortez,False,Frederica Wilson,Congresswoman,/m/03cg3tv,Alexandria Ocasio-Cortez
170,11293.json,Carly Fiorina,people/person/employment_history./business/employment_tenure/title,Chief executive officer,True,Carly Fiorina,CEO,/m/02mwvv,Chief executive officer
171,1634.json,Governor,people/person/employment_history./business/employment_tenure/title,Barack Obama,True,governor,Barack Obama,Governor,/m/02mjmr
172,4690.json,Sarah Palin,people/person/employment_history./business/employment_tenure/title,Governor,False,Sarah Palin,Governor,/m/08f3b1,Governor
173,4690.json,Barack Obama,people/person/employment_history./business/employment_tenure/title,President of the United States,False,Barack Obamas,President,/m/02mjmr,President of the United States
174,9511.json,Michelle Nunn,organization/role/leaders./organization/leadership/person,United States Senate,True,Michelle Nunn,U.S. Senate,/m/0vpp33r,/m/07t58
175,9511.json,Michelle Nunn,people/person/employment_history./business/employment_tenure/title,Candidate,True,Michelle Nunn,candidate,/m/0vpp33r,Candidate
176,13140.json,Marco Rubio,organization/role/leaders./organization/leadership/person,Department+of+Education,True,MarcoRubio,Department of Education,/m/0dpr5f,Department+of+Education
177,13140.json,Marco Rubio,organization/role/leaders./organization/leadership/person,Department,True,MarcoRubio,Department,/m/0dpr5f,Department
178,11988.json,Chris Abele,people/person/employment_history./business/employment_tenure/title,Executive,False,Chris Abele,Executive,/m/0g54k50,Executive
179,11988.json,Chris Abele,organization/role/leaders./organization/leadership/person,"Milwaukee County, Wisconsin",False,Chris Abele,Milwaukee County,/m/0g54k50,/m/0mkqr
180,6322.json,Sean Duffy,people/person/employment_history./business/employment_tenure/title,Rep,False,Sean Duffy,Rep.,/m/026m6hd,/m/07r8g3
181,6790.json,Frank Guinta,people/person/employment_history./business/employment_tenure/title,Member of Congress,False,Frank Guinta,Congressman,/m/08s8q3,Member of Congress
182,1819.json,Rick Perry,people/person/employment_history./business/employment_tenure/title,.gov,False,Rick Perry,Gov.,/m/02nlj_,.gov
183,5319.json,Barack Obama,people/person/employment_history./business/employment_tenure/title,President of the United States,False,Barack Obama,President,/m/02mjmr,President of the United States
184,1863.json,County,location/hud_county_place/county,Hillsborough disaster,True,County,Hillsborough,County,/m/0g7tg
185,12893.json,Bill Clinton,people/person/employment_history./business/employment_tenure/title,President of the United States,False,Bill Clinton,President,/m/0157m,President of the United States
186,5523.json,Scott Walker,people/person/employment_history./business/employment_tenure/title,.gov,True,Scott Walker,Gov.,Scott Walker,.gov
187,4516.json,Barack Obama,people/person/employment_history./business/employment_tenure/title,President of the United States,False,Barack Obama,President,/m/02mjmr,President of the United States
188,1914.json,City,location/country/languages_spoken,Mexico,False,City,Mexico,City,/m/0b90_r
189,2761.json,Kathy Castor,people/person/employment_history./business/employment_tenure/title,Alexandria Ocasio-Cortez,False,Kathy Castor,Congresswoman,/m/0dq1v6,Alexandria Ocasio-Cortez
190,242.json,Mike Huckabee,people/person/employment_history./business/employment_tenure/title,Governor,True,Mike Huckabee,governor,/m/01rxqd,Governor
191,10033.json,Steve Southerland,people/person/employment_history./business/employment_tenure/title,Rep,False,Steve Southerland,Rep.,/m/0cz7x_b,/m/07r8g3
192,8772.json,Tina Kotek,people/person/employment_history./business/employment_tenure/title,Rep,False,Tina Kotek,Rep.,/m/0277q_6,/m/07r8g3
193,461.json,Wright,organization/role/leaders./organization/leadership/person,United States Marine Corps,True,Wright,United States Marine Corps,Wright,/m/01skqzw
194,461.json,Wright,people/person/employment_history./business/employment_tenure/title,Rødrev,True,Wright,Rev.,Wright,Rødrev
195,12280.json,Michael Roberson,people/person/employment_history./business/employment_tenure/title,State senator,True,Michael Roberson,state Sen.,Michael Roberson,State senator
196,10339.json,Barack Obama,people/person/employment_history./business/employment_tenure/title,President of the United States,True,Barack Obama,President,/m/02mjmr,President of the United States
197,9871.json,Islamic State of Iraq and the Levant,organization/organization/headquarters./location/mailing_address/country,Iraq,False,ISIS,Iraq,/m/027x630,/m/0d05q4
198,9871.json,Islamic State of Iraq and the Levant,organization/organization/headquarters./location/mailing_address/country,Iraq,False,ISIS,Iraq,/m/027x630,/m/0d05q4
199,9871.json,Islamic State of Iraq and the Levant,organization/organization/headquarters./location/mailing_address/country,Iraq,False,ISIS,Iraq,/m/027x630,/m/0d05q4
200,2140.json,McDonald's,organization/organization/headquarters./location/mailing_address/country,"Broward County, Florida",True,McDonalds,Broward County,/m/07gyp7,/m/0jgk3
201,9608.json,George W. Bush,people/person/employment_history./business/employment_tenure/title,President of the United States,False,George W. Bush,President,/m/09b6zr,President of the United States
202,9608.json,Dick Cheney,people/person/employment_history./business/employment_tenure/title,Vice President of the United States,False,Dick Cheney,Vice President,/m/0d0vj4,Vice President of the United States
203,5016.json,Betty Sutton,people/person/employment_history./business/employment_tenure/title,Rep,False,Betty Sutton,Rep.,/m/0fzd66,/m/07r8g3
204,14.json,John McCain,people/person/employment_history./business/employment_tenure/title,Senator,True,McCain,Senator,/m/0bymv,Senator
205,12965.json,Cresent,organization/role/leaders./organization/leadership/person,United States Congress,True,Cresent,Congress,Cresent,/m/07t31
206,12965.json,Cresent,organization/role/leaders./organization/leadership/person,United States Congress,True,Cresent,Congress,Cresent,/m/07t31
207,1678.json,Barack Obama,people/person/employment_history./business/employment_tenure/title,President of the United States,True,Obama,President,/m/02mjmr,President of the United States
208,3001.json,Greenest+County,location/country/languages_spoken,United States,False,Greenest County,America,Greenest+County,/m/09c7w0
209,1564.json,George W. Bush,people/person/employment_history./business/employment_tenure/title,President of the United States,False,George W. Bush,president,/m/09b6zr,President of the United States
210,10440.json,Nathan Deal,people/person/employment_history./business/employment_tenure/title,.gov,True,Nathan Deal,Gov.,/m/0255js,.gov
211,6647.json,Barack Obama,people/person/employment_history./business/employment_tenure/title,President of the United States,False,Barack Obama,President,/m/02mjmr,President of the United States
212,12550.json,Barack Obama,people/person/employment_history./business/employment_tenure/title,President of the United States,True,Obamas,President,/m/02mjmr,President of the United States
213,661.json,John McCain,organization/role/leaders./organization/leadership/person,Social+Security,False,John McCain,Social Security,/m/0bymv,Social+Security
214,5270.json,Phil Roe,people/person/employment_history./business/employment_tenure/title,Member of Congress,True,Phil Roe,Congressman,/m/04gtg5_,Member of Congress
215,4378.json,United States Congress,organization/organization/headquarters./location/mailing_address/country,Us,False,Congress,U.S.,/m/07t31,Us
216,5139.json,Barrett Firearms Manufacturing,people/person/employment_history./business/employment_tenure/title,Mayor,True,Barrett,Mayor,Barrett Firearms Manufacturing,Mayor
217,8740.json,Kathleen Peters,people/person/employment_history./business/employment_tenure/title,State+Rep.,True,Kathleen Peters,State Rep.,Kathleen Peters,State+Rep.
218,5973.json,Barack Obama,people/person/employment_history./business/employment_tenure/title,President of the United States,False,Obama,President,/m/02mjmr,President of the United States
219,3348.json,County,location/hud_county_place/county,"DeKalb, Illinois",True,County,DeKalb,County,/m/0s61l
220,5784.json,Scott Walker,people/person/employment_history./business/employment_tenure/title,.gov,False,Scott Walker,Gov.,Scott Walker,.gov
221,2870.json,List of gulfs,location/country/languages_spoken,Mexico,False,Gulf of,Mexico,List of gulfs,/m/0b90_r
222,2178.json,Small+Business+Entrepreneurship+Council,organization/organization/headquarters./location/mailing_address/country,Midwestern United States,True,Small Business Entrepreneurship Council,Midwest,Small+Business+Entrepreneurship+Council,/m/0q76g
223,4114.json,Barack Obama,people/person/employment_history./business/employment_tenure/title,President of the United States,True,Barack Obama,President,/m/02mjmr,President of the United States
224,8079.json,Barack Obama,people/person/employment_history./business/employment_tenure/title,President of the United States,True,Barack Obama,President,/m/02mjmr,President of the United States
225,3423.json,List of gulfs,location/country/languages_spoken,Mexico,True,Gulf of,Mexico,List of gulfs,/m/0b90_r
226,554.json,John McCain,people/person/employment_history./business/employment_tenure/title,Senator,True,McCain,Senator,/m/0bymv,Senator
227,8569.json,New Hampshire,people/person/employment_history./business/employment_tenure/title,Jeanne Shaheen,False,New Hampshire,Jeanne Shaheen,/m/059f4,/m/01rrm2
228,4529.json,Chris Christie,people/person/employment_history./business/employment_tenure/title,.gov,False,Chris Christie,Gov.,/m/0f8t6k,.gov
229,4786.json,Scott Walker,people/person/employment_history./business/employment_tenure/title,.gov,False,Scott Walker,Gov.,Scott Walker,.gov
230,12068.json,Rebecca Bradley,organization/role/leaders./organization/leadership/person,Wisconsin Supreme Court,True,Rebecca Bradley,Wisconsin Supreme Court,Rebecca Bradley,Wisconsin Supreme Court
231,9848.json,Terri Lynn Land,organization/role/leaders./organization/leadership/person,List of United States senators from Michigan,False,Lynn Land,Michigan U.S. Senate,Terri Lynn Land,List of United States senators from Michigan
232,9848.json,Terri Lynn Land,organization/role/leaders./organization/leadership/person,List of United States senators from Michigan,False,Lynn Land,Michigan U.S. Senate,Terri Lynn Land,List of United States senators from Michigan
233,9950.json,Barack Obama,people/person/employment_history./business/employment_tenure/title,President of the United States,False,Barack Obama,President,/m/02mjmr,President of the United States
234,6369.json,Eric Hovde,organization/role/leaders./organization/leadership/person,United States Senate,True,Eric Hovde,U.S. Senate,Eric Hovde,/m/07t58
235,912.json,Harry Reid,organization/role/leaders./organization/leadership/person,United States Senate,False,Harry Reid,U.S. Senate,/m/0204x1,/m/07t58
236,912.json,Harry Reid,people/person/employment_history./business/employment_tenure/title,Leadership,False,Harry Reid,Leader,/m/0204x1,/m/025rt2s
237,13489.json,James Hansen,people/person/employment_history./business/employment_tenure/title,Scientist,False,James Hansen,scientist,/m/03m64k,Scientist
238,6145.json,Sean Duffy,people/person/employment_history./business/employment_tenure/title,Rep,False,Sean Duffy,Rep.,/m/026m6hd,/m/07r8g3
239,6145.json,Sean Duffy,organization/role/leaders./organization/leadership/person,Republican Party,False,Sean Duffy,GOP,/m/026m6hd,Republican Party
240,3208.json,Joe Straus,organization/role/leaders./organization/leadership/person,Texas House of Representatives,True,Joe Straus,Texas House,/m/059_sct,Texas House of Representatives
241,3208.json,Joe Straus,organization/role/leaders./organization/leadership/person,Texas House of Representatives,True,Joe Straus,Texas House,/m/059_sct,Texas House of Representatives
242,3208.json,Joe Straus,organization/role/leaders./organization/leadership/person,Texas House of Representatives,True,Joe Straus,Texas House,/m/059_sct,Texas House of Representatives
243,3208.json,Joe Straus,organization/role/leaders./organization/leadership/person,Texas House of Representatives,True,Joe Straus,Texas House,/m/059_sct,Texas House of Representatives
244,4167.json,Fred Clark,people/person/employment_history./business/employment_tenure/title,state+Rep.,True,Fred Clark DBaraboo,state Rep.,/m/053ym6,state+Rep.
245,9506.json,Barack Obama,people/person/employment_history./business/employment_tenure/title,President of the United States,True,Barack Obama,President,/m/02mjmr,President of the United States
246,9506.json,Scott Brown,people/person/employment_history./business/employment_tenure/title,Barack Obama,True,Scott Brown,Barack Obama,Scott Brown,/m/02mjmr
247,3877.json,Chris Christie,people/person/employment_history./business/employment_tenure/title,.gov,True,Chris Christies,Gov.,/m/0f8t6k,.gov
248,9314.json,Justin Amash,people/person/employment_history./business/employment_tenure/title,Rep,False,Justin Amash,Rep.,/m/0c00p_n,/m/07r8g3
249,3983.json,Julio Robaina,people/person/employment_history./business/employment_tenure/title,Candidate,True,Julio Robaina,candidate,Julio Robaina,Candidate
250,4630.json,Barack Obama,people/person/employment_history./business/employment_tenure/title,President of the United States,False,Barack Obama,president,/m/02mjmr,President of the United States
251,1575.json,Dave Obey,organization/role/leaders./organization/leadership/person,House,True,David Obeys,House,/m/024tlf,House
252,2017.json,Barack Obama,people/person/employment_history./business/employment_tenure/title,Senator,True,Barack Obama,senator,/m/02mjmr,Senator
253,12260.json,Jason Kenney,people/person/employment_history./business/employment_tenure/title,Mayor,False,Kenney,Mayor,/m/028nv5,Mayor
254,12883.json,Rick Scott,people/person/employment_history./business/employment_tenure/title,.gov,False,Rick Scott,Gov.,/m/0btx2g,.gov
255,4487.json,Scott Walker,people/person/employment_history./business/employment_tenure/title,.gov,False,Scott Walker,Gov.,Scott Walker,.gov
256,1956.json,Bill Clinton,people/person/employment_history./business/employment_tenure/title,President of the United States,False,Clinton,President,/m/0157m,President of the United States
257,5161.json,George W. Bush,people/person/employment_history./business/employment_tenure/title,President of the United States,True,George W. Bush,President,/m/09b6zr,President of the United States
258,6314.json,Bill Haslam,people/person/employment_history./business/employment_tenure/title,.gov,False,Bill Haslam,Gov.,/m/04mp6v,.gov
259,11099.json,Barack Obama,people/person/employment_history./business/employment_tenure/title,President of the United States,False,Barack Obama,President,/m/02mjmr,President of the United States
260,1715.json,Rick Perry,people/person/employment_history./business/employment_tenure/title,Governor,True,Rick Perrys,Governor,/m/02nlj_,Governor
261,4988.json,Barack Obama,people/person/employment_history./business/employment_tenure/title,President of the United States,True,Obama,President,/m/02mjmr,President of the United States
262,4082.json,Christie,people/person/employment_history./business/employment_tenure/title,Governor,True,Christie,Governor,Christie,Governor
263,1929.json,Bill McCollum,people/person/employment_history./business/employment_tenure/title,Lobbyist,False,Bill McCollum,lobbyist,/m/02hd5x,Lobbyist
264,5961.json,Scott Walker,people/person/employment_history./business/employment_tenure/title,.gov,False,Scott Walker,Gov.,Scott Walker,.gov
265,7104.json,Barack Obama,people/person/employment_history./business/employment_tenure/title,President of the United States,False,Obama,President,/m/02mjmr,President of the United States
266,9344.json,Mark Begich,organization/role/leaders./organization/leadership/person,Koch family,False,Mark Begich,Kochs,/m/05pqtr,/m/0dgpzyv
267,6563.json,Mitt Romney,people/person/employment_history./business/employment_tenure/title,Governor,False,Mitt Romney,governor,/m/0271_s,Governor
268,6563.json,Mitt Romney,people/person/employment_history./business/employment_tenure/title,Massachusetts,False,Mitt Romney,Massachusetts,/m/0271_s,/m/05k7sb
269,9634.json,Ronald Reagan,people/person/employment_history./business/employment_tenure/title,President of the United States,False,Reagan,President,/m/06c0j,President of the United States
270,9634.json,Ronald Reagan,people/person/employment_history./business/employment_tenure/title,Barack Obama,False,Reagan,Obama,/m/06c0j,/m/02mjmr
271,9634.json,Ronald Reagan,people/person/employment_history./business/employment_tenure/title,Barack Obama,False,Reagan,Obama,/m/06c0j,/m/02mjmr
272,9634.json,Barack Obama,people/person/employment_history./business/employment_tenure/title,President of the United States,False,Obama,President,/m/02mjmr,President of the United States
273,1538.json,Alan Greenspan,people/person/employment_history./business/employment_tenure/title,Chairperson,False,Alan Greenspan,chairman,/m/015h4y,Chairperson
274,1538.json,Alan Greenspan,organization/role/leaders./organization/leadership/person,Federal Reserve,False,Alan Greenspan,Federal Reserve,/m/015h4y,/m/02xmb
275,9623.json,County,location/hud_county_place/county,"DeKalb, Illinois",True,County,DeKalb,County,/m/0s61l
276,4523.json,Scott Walker,people/person/employment_history./business/employment_tenure/title,.gov,True,Scott Walker,Gov.,Scott Walker,.gov
277,903.json,Rick Warren,people/person/employment_history./business/employment_tenure/title,Rødrev,False,Rick Warren,Rev.,/m/036vk_,Rødrev
278,10588.json,Barack Obama,people/person/employment_history./business/employment_tenure/title,President of the United States,True,Obama,President,/m/02mjmr,President of the United States
279,1902.json,List of gulfs,location/country/languages_spoken,Mexico,True,Gulf of,Mexico,List of gulfs,/m/0b90_r
280,7485.json,John Kasich,people/person/employment_history./business/employment_tenure/title,.gov,True,John Kasichs,Gov.,/m/02zzm_,.gov
281,1740.json,John Adams,people/person/employment_history./business/employment_tenure/title,President of the United States,True,John Adams,President,/m/03_js,President of the United States
282,6716.json,Paul Ryan,people/person/employment_history./business/employment_tenure/title,Candidate,False,Paul Ryan,candidate,/m/024v2j,Candidate
283,1925.json,County,location/hud_county_place/county,Hillsborough disaster,True,County,Hillsborough,County,/m/0g7tg
284,3765.json,John Kasich,people/person/employment_history./business/employment_tenure/title,.gov,False,John Kasichs,Gov.,/m/02zzm_,.gov
285,2762.json,Nye,people/person/employment_history./business/employment_tenure/title,Member of Congress,False,Nye,Congressman,Nye,Member of Congress
286,4213.json,Barack Obama,people/person/employment_history./business/employment_tenure/title,President of the United States,False,Barack Obama,President,/m/02mjmr,President of the United States
287,4213.json,Ronald Reagan,people/person/employment_history./business/employment_tenure/title,Oval Office,False,Ronald Reagan,Oval Office,/m/06c0j,/m/01hhz7
288,4213.json,Ronald Reagan,people/person/employment_history./business/employment_tenure/title,President of the United States,False,Ronald Reagan,President,/m/06c0j,President of the United States
289,8770.json,Trey Radel,organization/role/leaders./organization/leadership/person,United States Congress,True,Trey Radel,Congress,/m/0l8m0r5,/m/07t31
290,9541.json,Dan Sullivan,organization/role/leaders./organization/leadership/person,United States Senate,False,Dan Sullivan,Senate,Dan Sullivan,/m/07t58
291,9541.json,United States Senate,organization/organization/headquarters./location/mailing_address/country,Us,False,Senate,U.S.,/m/07t58,Us
292,9541.json,Dan Sullivan,people/person/employment_history./business/employment_tenure/title,Candidate,False,Dan Sullivan,candidate,Dan Sullivan,Candidate
293,1000.json,Jimmy Carter,people/person/employment_history./business/employment_tenure/title,President of the United States,False,Jimmy Carter,President,/m/042kg,President of the United States
294,684.json,Sarah Palin,people/person/employment_history./business/employment_tenure/title,.gov,True,Palin,Gov.,/m/08f3b1,.gov
295,5988.json,County,location/hud_county_place/county,Milwaukee,True,County,Milwaukee,County,Milwaukee
296,1161.json,Barack Obama,people/person/employment_history./business/employment_tenure/title,President of the United States,True,Obama,President,/m/02mjmr,President of the United States
297,1161.json,Bill Clinton,people/person/employment_history./business/employment_tenure/title,Barack Obama,True,Bill Clinton,Obama,/m/0157m,/m/02mjmr
298,1161.json,Gerald Ford,people/person/employment_history./business/employment_tenure/title,Barack Obama,True,Gerald Ford,Obama,/m/0c_md_,/m/02mjmr
299,6439.json,Eric Hovde,organization/role/leaders./organization/leadership/person,United States Senate,True,Eric Hovde,U.S. Senate,Eric Hovde,/m/07t58
300,811.json,John McCain,people/person/employment_history./business/employment_tenure/title,Senator,False,McCain,Senator,/m/0bymv,Senator
301,10405.json,Barack Obama,people/person/employment_history./business/employment_tenure/title,President of the United States,False,Barack Obamas,President,/m/02mjmr,President of the United States
302,9414.json,Ileana Ros-Lehtinen,people/person/employment_history./business/employment_tenure/title,Alexandria Ocasio-Cortez,False,RosLehtinen,Congresswoman,/m/02530d,Alexandria Ocasio-Cortez
303,6118.json,Barack Obama,people/person/employment_history./business/employment_tenure/title,President of the United States,False,Obama,President,/m/02mjmr,President of the United States
304,7551.json,John Kasich,people/person/employment_history./business/employment_tenure/title,.gov,True,Kasich,Gov.,/m/02zzm_,.gov
305,12795.json,Joe Heck,people/person/employment_history./business/employment_tenure/title,Member of Congress,False,Joe Heck,Congressman,/m/03b_hhb,Member of Congress
306,6144.json,Debbie+Dooley,organization/role/leaders./organization/leadership/person,Atlanta+Tea+Party,True,Debbie Dooley,Atlanta Tea Party,Debbie+Dooley,Atlanta+Tea+Party
307,690.json,Sarah Palin,people/person/employment_history./business/employment_tenure/title,Governor,True,Palin,governor,/m/08f3b1,Governor
308,690.json,Sarah Palin,people/person/employment_history./business/employment_tenure/title,Governor,True,Palin,Governor,/m/08f3b1,Governor
309,4330.json,Rick Scott,organization/role/leaders./organization/leadership/person,PBS,True,Rick Scott,PBS,/m/0btx2g,PBS
310,4330.json,Rick Scott,people/person/employment_history./business/employment_tenure/title,.gov,True,Rick Scott,Gov.,/m/0btx2g,.gov
311,9712.json,Eric Holder,people/person/employment_history./business/employment_tenure/title,Attorney general,True,Eric Holders,Attorney General,/m/0465sdr,Attorney general
312,10178.json,Brad Schimel,people/person/employment_history./business/employment_tenure/title,"Attorney General elections, 2020",False,Brad Schimel,Attorney general candidate,/m/0127xp4_,"Attorney General elections, 2020"
313,7992.json,Keith Stokes,people/person/employment_history./business/employment_tenure/title,Executive director,True,Keith Stokes,Executive Director,Keith Stokes,Executive director
314,7992.json,Keith Stokes,organization/role/leaders./organization/leadership/person,Economic+Development+Commission,True,Keith Stokes,Economic Development Commission,Keith Stokes,Economic+Development+Commission
315,10990.json,Barack Obama,organization/role/leaders./organization/leadership/person,United States Coast Guard Academy,False,Barack Obama,U.S. Coast Guard Academy,/m/02mjmr,/m/0288bq
316,10519.json,Megan+Sampson,people/person/employment_history./business/employment_tenure/title,Teacher,False,Megan Sampson,teacher,Megan+Sampson,Teacher
317,10519.json,Megan+Sampson,organization/role/leaders./organization/leadership/person,Milwaukee Public Schools,False,Megan Sampson,Milwaukee Public Schools,Megan+Sampson,Milwaukee Public Schools
318,10519.json,Scott Walker,people/person/employment_history./business/employment_tenure/title,.gov,False,Scott Walker,Gov.,Scott Walker,.gov
319,9499.json,Barack Obama,people/person/employment_history./business/employment_tenure/title,President of the United States,False,Barack Obama,President,/m/02mjmr,President of the United States
320,6856.json,Mitt Romney,people/person/employment_history./business/employment_tenure/title,.gov,False,Romneys,Gov.,/m/0271_s,.gov
321,7625.json,County,location/hud_county_place/county,Pasco,True,County,Pasco,County,Pasco
322,6666.json,Barack Obama,people/person/employment_history./business/employment_tenure/title,President of the United States,True,Barack Obama,President,/m/02mjmr,President of the United States
323,1920.json,Brian Kemp,people/person/employment_history./business/employment_tenure/title,United States Secretary of State,False,Brian Kemp,Secretary of State,/m/0bwl7t0,United States Secretary of State
324,6960.json,Barack Obama,people/person/employment_history./business/employment_tenure/title,President of the United States,True,Barack Obama,President,/m/02mjmr,President of the United States
325,11086.json,Barack Obama,people/person/employment_history./business/employment_tenure/title,President of the United States,True,Obama,President,/m/02mjmr,President of the United States
326,3763.json,Barack Obama,people/person/employment_history./business/employment_tenure/title,President of the United States,True,Barack Obama,President,/m/02mjmr,President of the United States
327,5879.json,Betty Sutton,people/person/employment_history./business/employment_tenure/title,Rep,False,Betty Sutton,Rep.,/m/0fzd66,/m/07r8g3
328,2153.json,Barack Obama,people/person/employment_history./business/employment_tenure/title,President of the United States,True,Barack Obama,President,/m/02mjmr,President of the United States
329,9113.json,Barack Obama,people/person/employment_history./business/employment_tenure/title,President of the United States,True,Obama,president,/m/02mjmr,President of the United States
330,5351.json,United States Senate,organization/organization/headquarters./location/mailing_address/country,United States,False,Senate,United States,/m/07t58,/m/09c7w0
331,350.json,Pakistan,people/person/nationality,Mahmoud Ahmadinejad,False,Pakistan,Mahmoud Ahmadinejad,/m/05sb1,/m/06dsyb
332,350.json,Pakistan,people/person/employment_history./business/employment_tenure/title,Mahmoud Ahmadinejad,False,Pakistan,Mahmoud Ahmadinejad,/m/05sb1,/m/06dsyb
333,350.json,Mahmoud Ahmadinejad,people/person/employment_history./business/employment_tenure/title,President of the United States,False,Mahmoud Ahmadinejad,President,/m/06dsyb,President of the United States
334,5204.json,Barack Obama,people/person/employment_history./business/employment_tenure/title,President of the United States,True,Obama,President,/m/02mjmr,President of the United States
335,12797.json,Mikal Watts,people/person/employment_history./business/employment_tenure/title,Lawyer,False,Mikal Watts,lawyer,Mikal Watts,Lawyer
336,11193.json,Hillary Clinton,people/person/employment_history./business/employment_tenure/title,Stevens,True,Hillary Clinton,Stevens,Hillary Clinton,Stevens
337,11193.json,Stevens,people/person/employment_history./business/employment_tenure/title,Ambassador,True,Stevens,Ambassador,Stevens,Ambassador
338,9976.json,George W. Bush,people/person/employment_history./business/employment_tenure/title,President of the United States,True,George W. Bush,President,/m/09b6zr,President of the United States
339,9976.json,Barack Obama,people/person/employment_history./business/employment_tenure/title,President of the United States,True,Barack Obama,President,/m/02mjmr,President of the United States
340,11637.json,County,location/hud_county_place/county,Milwaukee,True,County,Milwaukee,County,Milwaukee
341,8397.json,Rick Scott,people/person/employment_history./business/employment_tenure/title,.gov,False,Rick Scott,Gov.,/m/0btx2g,.gov
342,1032.json,Sonia Sotomayor,people/person/employment_history./business/employment_tenure/title,Judge,True,Sotomayor,Judge,/m/06lvrr,Judge
343,3014.json,County,location/hud_county_place/county,Milwaukee,True,County,Milwaukee,County,Milwaukee
344,5715.json,Barack Obama,people/person/employment_history./business/employment_tenure/title,President of the United States,False,Barack Obama,President,/m/02mjmr,President of the United States
345,3241.json,Barack Obama,people/person/employment_history./business/employment_tenure/title,President of the United States,True,Obama,President,/m/02mjmr,President of the United States
346,3241.json,Webb,people/person/employment_history./business/employment_tenure/title,Barack Obama,True,Webb,Obama,Webb,/m/02mjmr
347,3241.json,Harry Reid,people/person/employment_history./business/employment_tenure/title,Senator,True,Harry Reid,Senator,/m/0204x1,Senator
348,3241.json,Webb,people/person/employment_history./business/employment_tenure/title,Barack Obama,True,Webb,Obama,Webb,/m/02mjmr
349,3241.json,Webb,people/person/employment_history./business/employment_tenure/title,Senator,True,Webb,Senator,Webb,Senator
350,4765.json,Scott Walker,people/person/employment_history./business/employment_tenure/title,Wisconsin,True,Scott Walker,Wisconsin,Scott Walker,/m/0824r
351,4765.json,Scott Walker,people/person/employment_history./business/employment_tenure/title,.gov,True,Scott Walker,Gov.,Scott Walker,.gov
352,8453.json,United States Congress,organization/organization/headquarters./location/mailing_address/country,Affordable Care Act,False,Congress,Obamacare,/m/07t31,Affordable Care Act
353,10203.json,House,organization/organization/headquarters./location/mailing_address/country,Us,True,House,U.S.,House,Us
354,10203.json,Ill,organization/organization/headquarters./location/mailing_address/country,House,True,Ill,House,Ill,House
355,10203.json,Ill,organization/organization/headquarters./location/mailing_address/country,House,True,Ill,House,Ill,House
356,11514.json,John Kasich,people/person/employment_history./business/employment_tenure/title,.gov,False,John Kasich,Gov.,/m/02zzm_,.gov
357,11759.json,Barack Obama,people/person/employment_history./business/employment_tenure/title,Attorney general,True,Barack Obama,attorney general,/m/02mjmr,Attorney general
358,11759.json,Barack Obama,people/person/employment_history./business/employment_tenure/title,Eric Holder,True,Barack Obama,Eric Holder,/m/02mjmr,/m/0465sdr
359,11759.json,Barack Obama,people/person/employment_history./business/employment_tenure/title,President of the United States,True,Barack Obama,President,/m/02mjmr,President of the United States
360,9710.json,County Kerry,organization/role/leaders./organization/leadership/person,Hamas,False,Kerry,Hamas,/m/0m_w6,/m/03m6j
361,9710.json,John Kerry,people/person/employment_history./business/employment_tenure/title,Secretary,False,John Kerry,Secretary,/m/0d3qd0,Secretary
362,1973.json,Barack Obama,people/person/nationality,Indonesia,False,Obama,Indonesian,/m/02mjmr,/m/03ryn
363,3907.json,Paul Ryan,people/person/employment_history./business/employment_tenure/title,Rep,False,Paul Ryan,Rep.,/m/024v2j,/m/07r8g3
364,5615.json,Barack Obama,people/person/employment_history./business/employment_tenure/title,President of the United States,True,Barack Obama,President,/m/02mjmr,President of the United States
365,10288.json,Barack Obama,people/person/employment_history./business/employment_tenure/title,President of the United States,True,Barack Obama,President,/m/02mjmr,President of the United States
366,3143.json,Barack Obama,people/person/employment_history./business/employment_tenure/title,President of the United States,True,Barack Obama,President,/m/02mjmr,President of the United States
367,2207.json,Barack Obama,people/person/employment_history./business/employment_tenure/title,President of the United States,True,Obama,President,/m/02mjmr,President of the United States
368,4406.json,Barack Obama,people/person/employment_history./business/employment_tenure/title,President of the United States,True,Barack Obama,President,/m/02mjmr,President of the United States
369,4406.json,Sherrod Brown,people/person/employment_history./business/employment_tenure/title,Barack Obama,True,Sherrod Brown,Barack Obama,/m/034s80,/m/02mjmr
370,4406.json,Sherrod Brown,people/person/employment_history./business/employment_tenure/title,Barack Obama,True,Sherrod Brown,Barack Obama,/m/034s80,/m/02mjmr
371,949.json,George W. Bush,people/person/employment_history./business/employment_tenure/title,President of the United States,False,Bush,President,/m/09b6zr,President of the United States
372,9272.json,Eric Holder,people/person/employment_history./business/employment_tenure/title,Attorney general,False,Eric Holder,Attorney General,/m/0465sdr,Attorney general
373,11835.json,Tom Barrett,people/person/employment_history./business/employment_tenure/title,Mayor,False,Tom Barretts,Mayor,Tom Barrett,Mayor
374,3135.json,Barack Obama,people/person/employment_history./business/employment_tenure/title,President of the United States,True,Barack Obama,President,/m/02mjmr,President of the United States
375,2003.json,Joe Straus,people/person/employment_history./business/employment_tenure/title,List of Speakers of the United States House of ... -,True,Joe Straus,House Speaker,/m/059_sct,List of Speakers of the United States House of ... -
376,9498.json,David Clarke,organization/role/leaders./organization/leadership/person,"Milwaukee County, Wisconsin",True,David Clarke,Milwaukee County,/m/0_yglzq,/m/0mkqr
377,9498.json,David Clarke,people/person/employment_history./business/employment_tenure/title,Sheriff,True,David Clarke,Sheriff,/m/0_yglzq,Sheriff
378,10766.json,Hillary Clinton,people/person/employment_history./business/employment_tenure/title,Secretary,False,Hillary Clinton,secretary,Hillary Clinton,Secretary
379,10766.json,Hillary Clinton,people/person/employment_history./business/employment_tenure/title,State,False,Hillary Clinton,state,Hillary Clinton,State
380,1728.json,Jack Abramoff,people/person/employment_history./business/employment_tenure/title,Lobbyist,False,Jack Abramoff,lobbyist,/m/05s40k,Lobbyist
381,1728.json,Bill Young,people/person/employment_history./business/employment_tenure/title,Rep,False,C.W. Bill Young,Rep.,/m/025234,/m/07r8g3
382,8659.json,Barack Obama,people/person/employment_history./business/employment_tenure/title,President of the United States,False,Barack Obama,President,/m/02mjmr,President of the United States
383,8417.json,George W. Bush,people/person/employment_history./business/employment_tenure/title,President of the United States,False,George W. Bushs,President,/m/09b6zr,President of the United States
384,4758.json,Scott Walker,people/person/employment_history./business/employment_tenure/title,.gov,False,Scott Walker,Gov.,Scott Walker,.gov
385,12930.json,Bruce Rauner,people/person/employment_history./business/employment_tenure/title,Governor,False,Bruce Rauner,Governor,/m/0r8pxyy,Governor
386,8777.json,Barack Obama,people/person/employment_history./business/employment_tenure/title,Bureaucrat,True,Obama,bureaucrat,/m/02mjmr,Bureaucrat
387,12018.json,Bill Clinton,people/person/employment_history./business/employment_tenure/title,Secretary,False,Clinton,Secretary,/m/0157m,Secretary
388,5064.json,Jim Renacci,people/person/employment_history./business/employment_tenure/title,Rep,False,Jim Renacci,Rep.,/m/025v2hb,/m/07r8g3
389,10653.json,Scott Walker,people/person/employment_history./business/employment_tenure/title,.gov,True,Scott Walkers,Gov.,Scott Walker,.gov
390,10653.json,Jim Doyle,people/person/employment_history./business/employment_tenure/title,.gov,True,Jim Doyle,Gov.,/m/01xyqz,.gov
391,12047.json,Marco Rubio,people/person/employment_history./business/employment_tenure/title,Legislator,False,Marco Rubio,legislator,/m/0dpr5f,Legislator
392,3340.json,Paul Ryan,people/person/employment_history./business/employment_tenure/title,Rep,True,Paul Ryans,Rep.,/m/024v2j,/m/07r8g3
393,6686.json,Barack Obama,people/person/employment_history./business/employment_tenure/title,President of the United States,True,Barack Obama,President,/m/02mjmr,President of the United States
394,5628.json,Barack Obama,people/person/employment_history./business/employment_tenure/title,President of the United States,False,Barack Obama,President,/m/02mjmr,President of the United States
395,5401.json,Allen,organization/role/leaders./organization/leadership/person,Virginia,True,Allen,Virginias,Allen,/m/07z1m
396,485.json,Pastor,people/person/employment_history./business/employment_tenure/title,Rod Parsley,True,pastor,Rod Parsley,Pastor,/m/04g7n8
397,485.json,Pastor,people/person/employment_history./business/employment_tenure/title,Rod Parsley,True,pastor,Rod Parsley,Pastor,/m/04g7n8
398,2364.json,Diana Maldonado,people/person/employment_history./business/employment_tenure/title,state+Rep.,True,Diana Maldonado,state Rep.,Diana Maldonado,state+Rep.
399,11321.json,Barack Obama,people/person/employment_history./business/employment_tenure/title,President of the United States,False,Barack Obama,President,/m/02mjmr,President of the United States
400,358.json,Robert Treuhaft,organization/role/leaders./organization/leadership/person,Communist Party USA,False,Bob Treuhaft,California Communist Party,Robert Treuhaft,/m/02bb8j
401,8271.json,Angel Taveras,people/person/employment_history./business/employment_tenure/title,Mayor,True,Angel Taveras Providences,Mayor,/m/0g58s70,Mayor
402,10922.json,Christie,people/person/employment_history./business/employment_tenure/title,.gov,True,Christie,Gov.,Christie,.gov
403,10922.json,Christie,people/person/employment_history./business/employment_tenure/title,New Jersey,True,Christie,New Jersey,Christie,/m/05fjf
404,3149.json,Scott Walker,people/person/employment_history./business/employment_tenure/title,.gov,False,Scott Walker,Gov.,Scott Walker,.gov
405,6002.json,Mitt Romney,people/person/employment_history./business/employment_tenure/title,Governor,True,Mitt Romney,governor,/m/0271_s,Governor
406,13515.json,Dwayne Johnson,people/person/employment_history./business/employment_tenure/title,Actor,False,Dwayne The Rock Johnson,actor,/m/014g_s,Actor
407,4898.json,Barack Obama,people/person/employment_history./business/employment_tenure/title,President of the United States,False,Barack Obama,President,/m/02mjmr,President of the United States
408,13459.json,Margaret Sanger,people/person/religion,leader+leader,False,Margaret Sanger,leader leader,/m/056gk,leader+leader
409,13459.json,Margaret Sanger,people/person/employment_history./business/employment_tenure/title,Leadership,False,Margaret Sanger,leader,/m/056gk,/m/025rt2s
410,6634.json,George W. Bush,people/person/employment_history./business/employment_tenure/title,President of the United States,True,Bush,President,/m/09b6zr,President of the United States
411,6634.json,Barack Obama,people/person/employment_history./business/employment_tenure/title,President of the United States,True,Obama,President,/m/02mjmr,President of the United States
412,6382.json,Betty Sutton,organization/role/leaders./organization/leadership/person,Medicare,False,Betty Sutton,Medicare,/m/0fzd66,Medicare
413,1071.json,Robert Gibbs,people/person/employment_history./business/employment_tenure/title,Spokesperson,False,Robert Gibbs,spokesman,/m/03mdbqx,Spokesperson
414,1071.json,Barack Obama,people/person/employment_history./business/employment_tenure/title,President of the United States,False,Obamas,President,/m/02mjmr,President of the United States
415,1071.json,Robert Gibbs,organization/role/leaders./organization/leadership/person,White House,False,Robert Gibbs,White House,/m/03mdbqx,/m/081sq
416,402.json,Barack Obama,people/person/employment_history./business/employment_tenure/title,Director,False,Obama,director,/m/02mjmr,Director
417,491.json,John McCain,people/person/employment_history./business/employment_tenure/title,George W. Bush,True,McCain,Bush,/m/0bymv,/m/09b6zr
418,491.json,George W. Bush,people/person/employment_history./business/employment_tenure/title,President of the United States,True,Bush,President,/m/09b6zr,President of the United States
419,3322.json,Scott Walker,people/person/employment_history./business/employment_tenure/title,.gov,False,Scott Walkers,Gov.,Scott Walker,.gov
420,9349.json,Scott Sports,people/person/employment_history./business/employment_tenure/title,Governor,True,Scott,Governor,/m/03d9bqt,Governor
421,1954.json,List of gulfs,location/country/languages_spoken,Mexico,True,Gulf of,Mexico,List of gulfs,/m/0b90_r
422,5669.json,Tim Kaine,people/person/employment_history./business/employment_tenure/title,Governor,True,Tim Kaine,governor,/m/053f8h,Governor
423,10239.json,Keystone Pipeline,organization/organization/headquarters./location/mailing_address/country,Canada,False,Keystone XL,Canada,/m/02rnkmh,/m/0d060g
424,8611.json,Ali Khamenei,people/person/employment_history./business/employment_tenure/title,Supreme leader,True,Ali Khamenei,Supreme Leader,/m/0224jr,Supreme leader
425,2041.json,Mike Haridopolos,organization/role/leaders./organization/leadership/person,United States Senate,True,Haridopolos,Senate,/m/068wd5,/m/07t58
426,2041.json,Crist,people/person/employment_history./business/employment_tenure/title,Governor,True,Crist,Governor,Crist,Governor
427,2041.json,Mike Haridopolos,organization/role/leaders./organization/leadership/person,United States Senate,True,Haridopolos,Senate,/m/068wd5,/m/07t58
428,2041.json,CJ McCollum,people/person/employment_history./business/employment_tenure/title,Attorney general,True,McCollum,Attorney General,CJ McCollum,Attorney general
429,2041.json,CJ McCollum,organization/role/leaders./organization/leadership/person,SpeakerDesignate+Cannon,True,McCollum,SpeakerDesignate Cannon,CJ McCollum,SpeakerDesignate+Cannon
430,11042.json,County,location/hud_county_place/county,Jasper,True,County,Jasper,County,/m/0k059
431,11042.json,County,location/hud_county_place/county,Texas,True,County,Texas,County,/m/07b_l
432,6166.json,Mitt Romney,people/person/employment_history./business/employment_tenure/title,Governor,True,Mitt Romney,governor governor,/m/0271_s,Governor
433,6166.json,Mitt Romney,people/person/employment_history./business/employment_tenure/title,Governor,True,Mitt Romney,governor governor,/m/0271_s,Governor
434,2194.json,Barack Obama,people/person/employment_history./business/employment_tenure/title,President of the United States,False,Obama,President,/m/02mjmr,President of the United States
435,10236.json,Steve Adler,people/person/employment_history./business/employment_tenure/title,Candidate,False,Steve Adler,candidate,Steve Adler,Candidate
436,11432.json,County,location/hud_county_place/county,Milwaukee,False,County,Milwaukee,County,Milwaukee
437,6027.json,Scott Walker,people/person/employment_history./business/employment_tenure/title,.gov,True,Scott Walker,Gov.,Scott Walker,.gov
438,4411.json,Barack Obama,people/person/employment_history./business/employment_tenure/title,President of the United States,True,Obama,President,/m/02mjmr,President of the United States
439,6897.json,Mitt Romney,people/person/employment_history./business/employment_tenure/title,.gov,True,Romney,Gov.,/m/0271_s,.gov
440,10664.json,Ted Cruz,people/person/employment_history./business/employment_tenure/title,President of the United States,False,Ted Cruz,president,/m/07j6ty,President of the United States
441,10664.json,Ted Cruz,people/person/employment_history./business/employment_tenure/title,President of the United States,False,Ted Cruz,president,/m/07j6ty,President of the United States
442,7563.json,Wayne LaPierre,organization/role/leaders./organization/leadership/person,National Rifle Association,True,Wayne LaPierre,NRA,/m/04k0vk,/m/0j6f9
443,7347.json,John Kasich,people/person/employment_history./business/employment_tenure/title,.gov,True,John Kasich,Gov.,/m/02zzm_,.gov
444,7347.json,John Kasich,people/person/employment_history./business/employment_tenure/title,President of the United States,True,John Kasich,president,/m/02zzm_,President of the United States
445,8112.json,Judge,people/person/employment_history./business/employment_tenure/title,Ken Cuccinelli,False,judge,Ken Cuccinelli,Judge,/m/027hyk1
446,7652.json,Scott Walker,people/person/employment_history./business/employment_tenure/title,.gov,False,Scott Walker,Gov.,Scott Walker,.gov
447,1729.json,Bill Young,people/person/employment_history./business/employment_tenure/title,Rep,True,Bill Young,Rep.,/m/025234,/m/07r8g3
448,1550.json,Perry,people/person/employment_history./business/employment_tenure/title,.gov,True,Perry,Gov.,Perry,.gov
449,6032.json,Stan Wise,organization/role/leaders./organization/leadership/person,Georgia Public Service Commission,True,Stan Wise,Georgia Public Service Commission,Stan Wise,Georgia Public Service Commission
450,3744.json,Barack Obama,people/person/employment_history./business/employment_tenure/title,President of the United States,True,Barack Obama,President,/m/02mjmr,President of the United States
451,4388.json,Fung,people/person/employment_history./business/employment_tenure/title,Mayor,False,Fung,Mayor,Fung,Mayor
452,3959.json,County,location/hud_county_place/county,"Galveston, Texas",True,County,Galveston,County,/m/0f2sq
